id,game_id,title,version_name,build_id,release_date,download_url,is_available,changelog_title,changelog_body,source
526342dd-cee1-4aa3-937e-3586bf8c031c,8d420973-9fd8-4912-a1b2-c2aa9ee12b0e,Librarian: Tidy Up the Arcane Library!,v1.0.13,24263394,2026-07-17,null,false,Patch Notes – Version 1.0.13,,steam_event
b859f016-c70c-4cae-882c-a62e38e0e408,8d420973-9fd8-4912-a1b2-c2aa9ee12b0e,Librarian: Tidy Up the Arcane Library!,Update 2026-07-15,null,2026-07-15,null,false,Steam Cloud Sync Fixed,,steam_event
91bd5533-c0df-45e5-8beb-e6a4fb32620a,8d420973-9fd8-4912-a1b2-c2aa9ee12b0e,Librarian: Tidy Up the Arcane Library!,v1.0.12,null,2026-07-13,null,false,Patch Notes – Version 1.0.12,"Due to the new Manual Save/Load System, your old save files will be automatically migrated to the new save method (GameData.sav).
If you have other old save files, you can also manually rename them to load:",steam_event
f8485de0-2dbe-42a3-ad74-19adf7793c16,8d420973-9fd8-4912-a1b2-c2aa9ee12b0e,Librarian: Tidy Up the Arcane Library!,v1.0.11,null,2026-06-23,null,false,Patch Notes – Version 1.0.11,"We sincerely apologize for the major gameplay issues in the previous deployment of Version 1.0.11 and the subsequent emergency rollback.

We have resolved the issues and are now re-releasing Version 1.0.11. As a core part of this update, we have changed the level loading method, aiming to resolve the Fatal Error issues encountered by some players upon starting the game.

Below is the full list of changes for this update:",steam_event
cf4a0cee-1576-48b9-a7af-40225cefda6c,8d420973-9fd8-4912-a1b2-c2aa9ee12b0e,Librarian: Tidy Up the Arcane Library!,v1.0.10,null,2026-06-20,null,false,Game Version Reverted to 1.0.10,"Due to a critical issue affecting game progression that was identified in the latest update, we have temporarily rolled the game back to Version 1.0.10 to ensure that players can continue playing without interruption.

We are currently investigating the cause of the issue and working on a fix. Once the problem has been resolved, we will release an updated version as soon as possible.

We sincerely apologize for the inconvenience and frustration this may have caused. Thank you for your patience and understanding as we work to restore a stable gameplay experience.",steam_event
51dac69f-27b4-4468-8d2c-d0c951610168,8d420973-9fd8-4912-a1b2-c2aa9ee12b0e,Librarian: Tidy Up the Arcane Library!,v1.0.9,null,2026-06-07,null,false,Patch Notes – Version 1.0.9,,steam_event
6310c359-9f31-4be5-9d6d-ab2b141a3e0d,8d420973-9fd8-4912-a1b2-c2aa9ee12b0e,Librarian: Tidy Up the Arcane Library!,Update 2026-06-04,null,2026-06-04,null,false,"That Guy Using the Magic from ""Book of Spells: Gravitation - Master -""😨😭",,steam_event
c4b46181-2cf1-49ff-a547-af7db424a0a1,8d420973-9fd8-4912-a1b2-c2aa9ee12b0e,Librarian: Tidy Up the Arcane Library!,Update 2026-05-08,null,2026-05-08,null,false,Announcement: Game Update Issues and Version Rollback,"Dear Players, We sincerely apologize for the issues some players have experienced following the latest update.To ensure everyone can continue playing, we have made versions  through  available via Steam Beta branches. We are currently working on a fix and will release an update as soon as possible. Thank you for your patience.",steam_event
89217de9-27ac-4b1c-9a71-bc3f6ce9b29b,8d420973-9fd8-4912-a1b2-c2aa9ee12b0e,Librarian: Tidy Up the Arcane Library!,v1.0.8,null,2026-05-06,null,false,Patch Notes – Version 1.0.8,"We have successfully reproduced the issue on another PC and confirmed that the game now runs normally after the fix.
We sincerely apologize for the inconvenience and thank you for your patience.",steam_event
b2a70a68-2621-4e79-a297-456ca2942e06,8d420973-9fd8-4912-a1b2-c2aa9ee12b0e,Librarian: Tidy Up the Arcane Library!,v1.0.7,null,2026-05-06,null,false,Patch Notes – Version 1.0.7,,steam_event
30ac44c9-98aa-4cb9-a432-e2508edb7530,8d420973-9fd8-4912-a1b2-c2aa9ee12b0e,Librarian: Tidy Up the Arcane Library!,v1.0.6,null,2026-05-06,null,false,Patch Notes – Version 1.0.6,,steam_event
c562a6f3-abc2-4ea2-990a-f8ec1186296e,8d420973-9fd8-4912-a1b2-c2aa9ee12b0e,Librarian: Tidy Up the Arcane Library!,v1.0.5,null,2026-05-05,null,false,Patch Notes – Version 1.0.5,,steam_event
8da149fb-b78d-4e2d-9cc8-eb1b235d2e34,8d420973-9fd8-4912-a1b2-c2aa9ee12b0e,Librarian: Tidy Up the Arcane Library!,v1.0.4,null,2026-05-03,null,false,Patch Notes – Version 1.0.4,"If you have already encountered an ""invisible book"" stuck in the bookshelf:",steam_event
e284ef38-5901-481d-93c7-a9cf8f69679d,8d420973-9fd8-4912-a1b2-c2aa9ee12b0e,Librarian: Tidy Up the Arcane Library!,Update 2026-05-01,null,2026-05-01,null,false,Is this guy⁉️,,steam_event
f908942b-3a88-421a-a0bb-b261ced1c862,8d420973-9fd8-4912-a1b2-c2aa9ee12b0e,Librarian: Tidy Up the Arcane Library!,v1.0.3,null,2026-05-01,null,false,Patch Notes – Version 1.0.3,,steam_event
610b67be-1a9b-4be2-a3e4-7b1c4ea1860f,8d420973-9fd8-4912-a1b2-c2aa9ee12b0e,Librarian: Tidy Up the Arcane Library!,v1.0.2,null,2026-04-30,null,false,Patch Notes – Version 1.0.2,,steam_event
2837b2cc-0b84-4f11-a6b5-e001931d40b7,8d420973-9fd8-4912-a1b2-c2aa9ee12b0e,Librarian: Tidy Up the Arcane Library!,v1.0.1,null,2026-04-30,null,false,Emergency Update Version 1.0.1,Fixed the bug related to the auto-shelve ability bug.,steam_event
d4a17934-6c60-49b3-a28c-87dfe056a98c,8d420973-9fd8-4912-a1b2-c2aa9ee12b0e,Librarian: Tidy Up the Arcane Library!,Update 2026-04-29,null,2026-04-29,null,false,"""Librarian: Tidy Up the Arcane Library!"" Streaming Guidelines","We warmly welcome streaming and video uploads of "" We'd love for you to share the charm of this game with as many people as possible!If you include a link to the game’s Steam page in your video description, it would greatly help more players discover the game (optional, but sincerely appreciated).We look forward to seeing your videos and streams!😊",steam_event
94a347fb-a05c-4599-814c-31c8cf88653c,8d420973-9fd8-4912-a1b2-c2aa9ee12b0e,Librarian: Tidy Up the Arcane Library!,Update 2026-04-16,null,2026-04-16,null,false,"Launching on Thursday, April 30, 2026","The day has finally come for us to share this announcement with you. Thank you very much for your patience!The release date for  has been officially set for .This is a  where you return  to their proper places throughout an arcane library.
There is a special joy in seeing the books that once cluttered the floor return to the shelves, slowly revealing the hidden floor beneath. As chaos transforms into perfect order, you’ll experience an unparalleled sense of satisfaction.
How will you combine your unlocked abilities? What order will you tackle the mess? The strategic fun lies in your decision-making, as your tactics can lead to a dramatic increase in workflow.
The library’s ambient sound and BGM change dynamically; as shelves fill up, the acoustic resonance grows stronger, drawing you deeper into the world. You don't need to constantly worry about the passage of time. You can enjoy the fun of organizing at your own pace and still complete the game.Be sure to add it to your Wishlist now and look forward to launch day! 😊",steam_event
8d2d5dc6-9bfd-49dd-9e04-a79326711755,299bb953-253c-4b24-9182-727e49caf16a,MONSTER HUNTER RISE,Update 2026-04-02,null,2026-04-02,null,false,Fight alongside Rise / Sunbreak Monsters in Stories 3!,"Hey hunters,

How goes the hunts? We hope the lands of Rise and Sunbreak are treating you well!We’re just wiredashing over to say, hey, have you checked out Monster Hunter Stories 3: Twisted Reflection yet? In-case you haven’t heard of it, it’s our turn-based RPG series set in the World of Monster Hunter, where you hatch, raise and battle alongside monsters instead of hunting them as you explore vast locales and restore their habitats.But wait, there’s more! What if we told you Stories 3 has a large contingent of monsters in it that made their debuts in Rise and Sunbreak? The second locale that you’ll explore even has a big Rise vibe to it, where funnily enough, you’ll start to encounter a fair few of these monsters!Now there’s a free demo you can check out too, and carry your save data over to the full game if you enjoy your time with it. Plus, you’ll the Kamura Garb layered armour in the full game for your Prince or Princess by having Rise save data.But, we’re not just here today to tell you about these cool things for Rise / Sunbreak hunters to enjoy, we’ll show you some too!As we previously mentioned, there’re a big selection of Monsters from Rise and Sunbreak in Monster Hunter Stories 3: Twisted Reflection. Below, we’ll show off the Kinship Attacks of just some of them. By the way, a Kinship Attack is an “ultimate attack” of sorts, which you can unleash in battle by building up a Kinship Gauge as you fight alongside your Monstie (the term for a Rider’s Monster companions). Every Monstie has a unique one too!It’s ok, no need to call Fugen the Elder this time, the only rampage this Magnamalo will unleash is against your foes, ""Hellfire Crematorium"" style.Malzeno, Flagship of Sunbreak, the Scarlet Feast, embodiment of darkness. A very cool Monster to have on your side, especially with an aura like that!Far from the reach of the Knights of the Royal Order, Lunagaron prowls the night.Now you can hatch your own and ride them into battle under the light of the moon.Garangolm shows off their affinity for the natural elements, as well as how they’re something of a scientist themself!Goss Harag’s looming dread and icy blows can be on your side this time, leaving opposing Monsters thinking “It's right behind me, isn't it…”.Almudron rises to the occasion with a Dragon infused Dual-Element look. A feature in Stories 3 that allows you to give any Monstie a second element, changing their colour(s) to reflect this!If you think the Monsters you face find the Rachnoid scary, wait until they look up and see Rakna-Kadaki…Cool Canynes don't look at explosions. 😎This Buddy's still got your back in Stories 3! Plus, you can change their fur color and combat capabilities using the Dual-Element system!That wraps up our post, thanks for checking it out! We hope you enjoyed seeing just a few of the Rise & Sunbreak Monsters you can find in Monster Hunter Stories 3: Twisted Reflection in action.  As we mentioned and linked at the start of the post, there’s a free demo with save data transfer to the full game available now, so if this post has you keen to try a turn-based RPG twist on the Monster Hunter you know, go check it out! Thanks everyone!- The Monster Hunter Community Team",steam_event
7cca5dce-2347-45da-95c8-9a99aa2177cc,299bb953-253c-4b24-9182-727e49caf16a,MONSTER HUNTER RISE,Update 2026-03-13,null,2026-03-13,null,false,Monster Hunter news,"Monster Hunter Stories is an RPG series set in the world of Monster Hunter, where you become a Rider and form bonds with monsters, fighting alongside them as you embark on a journey with your friends. The third entry, Monster Hunter Stories 3: Twisted Reflection, is available from today, March 13th!

◆ To celebrate the release, check out a special video featuring ""Echoing Wings,"" sung by SARI.

◆ Two Free Downloadable Content Items!

Get the Accessory: Gold Circlet for your Ranger to wear.

Also obtain the Layered Armor for Simon: Wind Wyvern's Friend, which changes Simon's look to the Legiana Armor set.


Check out the store page for more details.
https://store.steampowered.com/app/2852190/3/
https://www.monsterhunter.com/stories3/en-us/",steam_event
9208e19b-d511-49b5-bb41-e19de74c4bc1,299bb953-253c-4b24-9182-727e49caf16a,MONSTER HUNTER RISE,Update 2026-02-06,null,2026-02-06,null,false,Related Promotional Information,"A free trial for Monster Hunter Stories 3: Twisted Reflection lets you get a taste of the game before its March 13, 2026 release. In addition to jumping right into the beginning of the story, you'll be able to customize your character, try out the battle system, and start collecting equipment and Monsties just like in the full version.

You can transfer your save data to the full version and continue playing where you left off.


https://store.steampowered.com/app/3470630/3/

The trial version has only one save slot (the full version will have three).

You can only advance to level 10 in the trial version. You can continue playing upon reaching the level cap, but you will no longer gain any experience points. The amount of Trade Points and Monsties you can accumulate are also capped.

In order to carry over your progress to the full version, you must use the same account, with the save data on your PC.


https://store.steampowered.com/app/2852190/3/",steam_event
fa22a843-21a1-4c62-b3eb-aae2bb40f5c9,299bb953-253c-4b24-9182-727e49caf16a,MONSTER HUNTER RISE,Update 2025-12-08,null,2025-12-08,null,false,UPDATE - Postponed: Monster Hunter Showcase coming Dec. 8 at 10 p.m. UTC!,"The Monster Hunter Showcase is a digital event featuring news about Monster Hunter Stories 3: Twisted Reflection, releasing March 13, 2026, and details on Monster Hunter Wilds Title Update 4, releasing December 16, 2025! The event will be available online starting December 8 from 2 p.m. Pacific Time or 10 p.m. UTC!



– Stream date and time are subject to change.
– The event is estimated at approximately 20 minutes.
– The Monster Hunter Wilds portion does not include news about anything other than Title Update 4.


https://www.monsterhunter.com/showcase/202512/en-us/


Monster Hunter Stories 3: Twisted Reflection
https://store.steampowered.com/app/2852190/3/


Monster Hunter Wilds
https://store.steampowered.com/app/2246340/_/",steam_event
bf6160b3-d86a-4be0-b157-c420942e7654,299bb953-253c-4b24-9182-727e49caf16a,MONSTER HUNTER RISE,Update 2025-10-31,null,2025-10-31,null,false,Pre-Order Monster Hunter Stories 3: Twisted Reflection Now!,"The third entry in the Monster Hunter Stories RPG series, Monster Hunter Stories 3: Twisted Reflection is coming on March 13, 2026. Pre-order now!








https://store.steampowered.com/app/2852190/3/

Pre-order to get the special bonus Outfit for Eleanor: Skyscale Queen!

- Available to anyone who pre-orders by March 13, 2026 at 12:59 p.m. JST.
- Outfits change Rangers' appearance only.
- This pre-order bonus may be made available after launch.



◆ Characters



A founding member and the vice-captain of the Rangers. He and his loyal Palico support the group's activities in the background. Highly knowledgeable about botany, he's skilled at creating combinations. His family has long been in service to Azuria, and he's extremely loyal to the king, having gained the king's trust in turn.



He's a member of Gaul's elite intelligence corps, and carries out investigations and communication duties under his orders.



A true expert in monsters, having spent more than half his Rider career studying them. His knowledge is so deep, he's regarded as a walking Monsterpedia. 



A founding member of the Rangers, along with Amara. An old hand with geological surveys, she's highly experienced in the use of bombs and gunpowder. She's never understood why Amara did what she did ten years ago, and joins the protagonist's journey in order to discover the truth of why Amara left Azuria.



The loyal retainer of Vermeil's queen, he is instrumental in carrying out her will. In the shadows, he directs espionage units in various areas, trying to strengthen Vermeil's power by any means necessary. He comes to Azuria with Eleanor in order to present the idea of crossing the Meridian to Azuria's king, but is rejected.



Ever since the covenant was formed after the civil war, he, a Wyverian, and his Magnamalo, Wardenfang, have guarded the gate at the Meridian. Seeing the protagonist and their Skyscale Rathalos, he is reminded of Amara from ten years ago.



The leader of Sheparden, a village that reveres Canynes. Having lost their original home to the Encroachment, they've now settled near the Meridian. As the numbers of their Canyne wards decrease, they were prepared to accept the end of their way of life as they know it. However...





Gaul's Monstie, a Legiana. It works alongside Gaul to support the protagonist's journey.



Ogden's Monstie, a Pukei-Pukei with a big appetite. So friendly to humans that it boasts a coterie of fans who enjoy petting its down.



Kora's Monstie, a Gravios. Since it eats rocks, it's very well-suited to accompanying Kora on her geological surveys, in addition to normal Ranger duties.





This floating Elder Dragon is colossal enough to have an ecosystem of flora living on it. It consumes the earth and swallows forests whole as it wanders in search of rich soil. It's feared in Sheparden as ""a force of nature."" Rather than wandering about, this particular specimen has long resided in the Canalta Timberland. A portion of its body is crystallized.





Side stories are additional storylines centered around the protagonist and their fellow Rangers. With side stories spotlighting each of the protagonist's friends, you can get to know them more deeply. In addition, by completing side stories you can gain a variety of benefits for party gameplay, such as rewards useful in progressing the game, new weapons or Monsties for the Rangers, or the strengthening of their unique skills.



You'll begin the game by customizing your character in the character creator. Choose variables like body, hairstyle, and skin color to make the protagonist your own. Customization is also available during the course of the game, from the Rangers' base.



Players with save data from certain Monster Hunter series titles on their systems can obtain layered armor for the protagonist in Monster Hunter Stories 3: Twisted Reflection.


Monster Hunter Stories
https://store.steampowered.com/app/2356560/_/
Monster Hunter Stories 2: Wings of Ruin
https://store.steampowered.com/app/1277400/2/
Monster Hunter Rise
https://store.steampowered.com/app/1446780/_/



https://www.monsterhunter.com/stories3/",steam_event
5e377fb6-a81d-4477-9207-234692abae7a,299bb953-253c-4b24-9182-727e49caf16a,MONSTER HUNTER RISE,Update 2025-09-28,null,2025-09-28,null,false,End of Support Notice for Windows 10,"Thank you to all our fans for enjoying Capcom products.




Proper game functionality cannot be guaranteed on operating systems of which Microsoft has ended support. If an issue running the game occurs, support can only be provided based on information from before support for Windows 10 was discontinued. Services for investigating problems regarding running the game on Windows 10 will be discontinued.

Thank you for your understanding, and we hope you continue to enjoy Capcom games.",steam_event
4d1c62a2-c22d-4dc3-a8f5-3a8563f8f1d3,299bb953-253c-4b24-9182-727e49caf16a,MONSTER HUNTER RISE,Update 2025-08-05,null,2025-08-05,null,false,New Monster Hunter Title,"Presenting Monster Hunter Stories 3: Twisted Reflection, the third entry in the Monster Hunter RPG series.
In the Monster Hunter Stories RPG series, players become Riders in the Monster Hunter world, forming bonds with their monsters by raising them and traveling and battling alongside them.



https://www.monsterhunter.com/stories3/en-us/



To celebrate this announcement, Monster Hunter Stories and Monster Hunter Stories 2: Wings of Ruin are also on sale! Take this opportunity to dip your toe into the world of Monster Hunter's RPG series as a Rider forming bonds with monsters.

https://store.steampowered.com/app/2356560/?snr=1_2108_9__2107
https://store.steampowered.com/app/1277400/2?snr=1_2108_9__2107",steam_event
a75c773e-b888-4af1-9b24-92cbbfcc9c10,299bb953-253c-4b24-9182-727e49caf16a,MONSTER HUNTER RISE,Update 2024-12-17,null,2024-12-17,null,false,Welcome to Monster Hunter - Presented by Daisy Ridley,"Welcome, veteran and rookie hunters alike, to the world of Monster Hunter! Presented by the extraordinary Daisy Ridley, learn more about the universe of the Monster Hunter games. Discover the tenuous balance between humans and nature, explore the awe-inspiring Monsters that inhabit the world and wilds, and come to learn about the role of the Hunters and the Hunter’s Guild and their quest for true harmony with nature. 

You might even be able to discover information about the impending expeditions into the Forbidden Lands, a mysterious location that you’ll explore in the upcoming Monster Hunter Wilds, coming February 28, 2025.

Welcome to Monster Hunter - Presented by Daisy Ridley


Don't expect any new info or reveals on Monster Hunter Wilds here!

Get a great deal on Monster Hunter titles!
https://store.steampowered.com/developer/capcom/sale/holiday",steam_event
6b258cfa-58e0-44fe-9899-d8e4aed3ea44,299bb953-253c-4b24-9182-727e49caf16a,MONSTER HUNTER RISE,Update 2024-07-09,null,2024-07-09,null,false,Monster Hunter series news,"If you have Monster Hunter Stories 2: Wings of Ruin Steam version save data, you'll receive a bonus Rider layered armor set for your hunter, and a Navirou layered armor set for your Palico!
Check out the RPG series Monster Hunter Stories to experience the world of Monster Hunter to the fullest! 




Note: To get the Palico Navirou layered armor, you must have Monster Hunter Rise: Sunbreak installed.

For more information about Monster Hunter Stories 2: Wings of Ruin on Steam:
https://store.steampowered.com/app/1277400/2/

For more information about Monster Hunter Stories on Steam:
https://store.steampowered.com/app/2356560/_/






We hope you find these useful, whether you've already played or are just getting started!



This collection pack is ideal for players who have yet to try both games.
Limited bonuses for both titles will be granted for purchases made by 11:59 p.m. (EDT) on Saturday, August 31, 2024.
https://store.steampowered.com/sub/1038990/

https://store.steampowered.com/sub/1038991/


Over 2 milion copies sold!
Follow the official Monster Hunter account to check out the 3rd anniversary art!",steam_event
da9dc9ce-8783-489f-bc15-c9e091c38416,299bb953-253c-4b24-9182-727e49caf16a,MONSTER HUNTER RISE,Update 2024-07-01,null,2024-07-01,null,false,"Happy 2nd Anniversary, Monster Hunter Rise: Sunbreak!","Hey Hunters,

How goes the hunts?

June 30 marks two years since the launch of Monster Hunter Rise: Sunbreak, bringing with it Master Rank and a whole new adventure as you arrived in Elgado on your quest to save the Kingdom from a legendary threat!

To celebrate this anniversary, Sunbreak’s Director Suzuki has a message for you all, as well as a special piece of artwork with some familiar faces…






- Suzuki, Sunbreak Director




Two years, that’s flown by almost as fast as Crimson Glow Valstrax going for the ambush!

What are your favourite memories and moments of Sunbreak so far? Let us know in the comments, we’d love to hear them!

Whether you’re a hunter well versed in the lands of Kamura and the Kingdom, or you’ve joined us more recently in the Steam Summer Sale, thank you for your support and passion for Monster Hunter!

We’ll see you in the hunt!

- Monster Hunter Community Team",steam_event
81cdb716-4b3f-4b5b-ac5b-fe42f344b235,299bb953-253c-4b24-9182-727e49caf16a,MONSTER HUNTER RISE,Update 2024-06-14,null,2024-06-14,null,false,Related Promotional Information,"Join fellow hunters across all platforms with crossplay support!
Also revealed at Summer Game Fest 2024, Monster Hunter Wilds will feature crossplay—allowing players to join their fellow hunters across all platforms.
See our official website for more information.
https://www.monsterhunter.com/wilds/


The game's third trailer will be revealed at gamescom Opening Night Live ahead of the first ever playable demo which will be on the showfloor at gamescom 2024!

Wishlist now!
https://store.steampowered.com/app/2246340/

Stay tuned for more information on Monster Hunter Wilds!",steam_event
ec71df8b-a1bc-4c43-84d6-ab2b777809e0,299bb953-253c-4b24-9182-727e49caf16a,MONSTER HUNTER RISE,Update 2024-06-08,null,2024-06-08,null,false,"A New Trailer for Monster Hunter Wilds, Revealed at Summer Game Fest!","Hey Hunters! We're back again and thrilled to share our follow-up trailer for Monster Hunter Wilds, which was just revealed at Summer Game Fest 2024. 
In the trailer, you'll get a taste of how we're aiming to craft the most immersive hunting experience yet, with seamless transitions between dramatic storytelling and riveting gameplay. Plus, a look at a brand new monster. ""




Take a look at our latest artwork, featuring the hunter confronting a pack of Doshaguma in the Windward Plains locale. We hope you get a sense of the harsh and hostile environments that you'll encounter in the world of Monster Hunter Wilds. 

Introducing an all-new leviathan that inhabits the Windward Plains


Revealed in the trailer is the desert-dwelling leviathan, Balahara. They use their serpentine bodies to move nimbly through the sand, and are capable of expelling the mucus they secrete to attack their prey. The can also use this mucus to slither through rough and jagged landscapes with ease. 
Beware their ability to create quicksand traps, which ensnare prey, regardless if they're a monster or another hunter. 
The trailer also features another shocking monster reveal, however you'll have to stay tuned to learn more about it in the future. 
Also revealed at Summer Game Fest, Monster Hunter Wilds will feature crossplay across all platforms! Join your fellow hunters, regardless if you're playing here on Steam, or on another platform. 
And last but not least, we'll be back with more Monster Hunter Wilds news during Gamescom, starting on August 21.
See our official website for more information.

https://www.monsterhunter.com/wilds/en-us/

Hunters, we appreciate your excitement for Monster Hunter Wilds and can't wait to share more with you! Keep watching this space for more information to come. 

Note: The information here represents a product still in development. Content or terminology may differ in the final product.

Wishlist now!


With Monster Hunter Wilds arriving in 2025, there's plenty of hunting to be done in the meantime. Experience more from the Monster Hunter series with the franchise sale, live now!
Sales are live for a limited time, so be sure to check the store page for details on pricing and dates so you don't miss out. 
https://store.steampowered.com/developer/capcom/sale/monsterhunter",steam_event
079c4edb-19db-45dd-aa39-5fab88cd2e41,299bb953-253c-4b24-9182-727e49caf16a,MONSTER HUNTER RISE,Update 2024-05-16,null,2024-05-16,null,false,Monstrous Milestones for Rise and Sunbreak!,"Hey Hunters,

How’s the hunting?

We’re just swinging by to share the great news that Monster Hunter Rise has now sold more than 15 million copies worldwide, with its massive Sunbreak expansion also hitting 8 million sales!

To mark the occasion, the team have put together some special artwork they’d like to share:



We’d like to give a big shout out to you, our PC hunters here on Steam, thank you all so much for playing and supporting Monster Hunter Rise and Sunbreak, you rock!

Oh, and this new milestone? That’s contributed to a truly monstrous milestone for the Monster Hunter series as a whole…





100 million, what a milestone! Thank you to everyone for your support over the last 20 years.




We’ve got a bit of time before 2025, so in the meantime how about you discover what it means to be a Monster Rider?



Monster Hunter Stories, our Monster Hunter RPG where you hatch, raise and battle with your favourite monsties as part of an epic adventure lands on Steam June 14.

Instead of hunting monsters, you can pick out some of your favourites to instead fight alongside as companions in tactical turn-based battles! 

But wait, there’s more, the Steam release includes refined graphics, a new Museum mode and content previously only released in Japan that includes Rajang, Teostra and Kushala Daora!

If you like the sound of that, you can find out more, Wishlist and / or drop a pre-purchase here:

https://store.steampowered.com/app/2356560/Monster_Hunter_Stories/

That wraps up today’s post!

Here’s to you, our hunters of safeguard Kamura and clash with the Qurio! 

We’ll see you in the hunt.

- Monster Hunter Community Team",steam_event
7991226b-8db6-4fab-94f7-0fe302b46bd1,299bb953-253c-4b24-9182-727e49caf16a,MONSTER HUNTER RISE,Update 2024-03-28,null,2024-03-28,null,false,"Happy 3rd Anniversary, Monster Hunter Rise!","Hey Hunters,

This week marks three years since Monster Hunter Rise first launched on Nintendo Switch on March 26 2021, before arriving here on Steam on Jan 12 2022!

Your passion, support and hunting prowess for Rise (and Sunbreak!) has been and continues to be amazing, thank you all so much!

Unsurprisingly, we absolutely wanted to celebrate this milestone with you here on Steam!

To mark the occasion, we’ve got not one, but two pieces of artwork to share with you, including a couple of messages from the Development team:







But wait, there’s more! The Monster Hunter RnD Team also have a message and celebratory artwork to share with you!







Whether you’ve been with us since Rise first launched on Steam, joined us more recently, or anywhere in-between, thank you! It’s awesome to have you with us!

Got any special moments or highlights you’d like to share from Monster Hunter Rise? Let us know in the comments!

Happy 3rd Anniversary hunters, we'll see you in the hunt!

- Monster Hunter Community Team",steam_event
f2c52931-b0f8-4ad3-9b83-a1b5ab654a2b,299bb953-253c-4b24-9182-727e49caf16a,MONSTER HUNTER RISE,Update 2024-03-13,null,2024-03-13,null,false,"Check out the ""Monster Hunter 20th Anniversary Special Program""!","The ""Monster Hunter 20th Anniversary Special Program"" was held on March 12th featuring various guests to celebrate the 20th anniversary of the Monster Hunter series! Check it out here if you missed it!
""https://twitch.tv/monsterhunter 

Monster Hunter 20th Anniversary Website
https://www.monsterhunter.com/20th/en/


The ""Capcom Highlights"" digital event was held on the same day! During the event, there was an announcement related to the first Monster Hunter RPG, Monster Hunter Stories! 
Check it out here!

Note: Please note that this program features some age-restricted titles.



Become a Monster Rider who raises monsters and forges lifelong bonds with them in this epic adventure set in a vast, vibrant world.
Befriend monsters to transform them into your Monsties! Transfer genes between monsters to raise Monsties with their own unique attributes and skills! Utilize your Monstie's Riding Actions out in the field to discover everything the locales have to offer!
Guess your opponent's attack patterns and experience the excitement of mainline Monster Hunter titles while engaging in thrilling, turn-based battles with monsters.
In addition to featuring Japanese and English voice overs, this remastered version also includes a ""Museum"" mode where you can view concept art and listen to the game's music!

As a pre-order bonus, you will receive Navirou's ""King"" and ""Queen"" Outfits.
Digital pre-orders will be available soon!
For more details, please visit the official website!
https://www.monsterhunter.com/stories/en-us/


Pre-order Bonus
- Navirou Outfits: ""King"" and ""Queen""

Note: This pre-order bonus may be made available at a later date.
Note: Navirou's Outfits are purely cosmetic and only change his appearance.


Get a great deal on Monster Hunter titles!
During this sale, we are offering two types of ""Monster Hunter 20th Anniversary Pack."" Visit the official sale page for more details.
https://store.steampowered.com/sale/capcompubsale

Note: These two types of ""Monster Hunter 20th Anniversary Pack"" may be sold again at a later date.",steam_event
62ee3ded-6380-4d06-8958-b26f9b643d84,299bb953-253c-4b24-9182-727e49caf16a,MONSTER HUNTER RISE,v16.0.2,null,2024-01-22,null,false,*Addendum* Notification of Patch Ver.16.0.2.0,"We have released a patch that addresses the issue of the game not running on Steam Deck after installing update Ver.16.0.2.0.
We apologize for any inconvenience this may have caused.




There have been reports of the game not running on Steam Deck after updating to Ver.16.0.2.0.
The dev team is currently investigating this issue.
We will let you know as soon as we find out more, so please hold on for further information.

We apologize for any inconvenience this may cause.










　If you have already downloaded this content, you will be able to keep using it as normal, but you will not be able to redownload it.





We look forward to your continued support.",steam_event
cf843e39-14dc-4188-94fd-b515d6c7a708,299bb953-253c-4b24-9182-727e49caf16a,MONSTER HUNTER RISE,Update 2023-11-21,null,2023-11-21,null,false,Monster Hunter 20th Anniversary - Hunters' Choice: Top Monster!,"Hey hunters,

How’s the hunting?

20 years. 229 monsters. Now, as part of Monster Hunter’s 20th anniversary, the time has come for you, the community, to vote for your all-time top monster in our celebratory poll!

Which monster will reign supreme and claim the Gold Crown? Well, that’s down to you!



Voting is live now and runs from November 20, 2023 to December 12, 2023 2:59 (UTC).



You can cast your vote by .

A free CAPCOM ID account is required to vote, if you haven’t got one, don’t worry! They’re quick to set-up and the voting site will take you through everything.

You can only vote once and your decision can’t be changed after submission, so make your choice with conviction! 

After casting your vote, you’ll be given a memento image of your favourite monster – so feel free to champion them on social media to increase their chances of victory!



Once voting has closed and the results tallied, an original illustration will be created by the Monster Hunter development team featuring the top three monsters, so there’s plenty to look forward to!

Good luck to all 229 monsters, we can’t wait to see who comes out on top!




Check out the recently revealed, full Monster Hunter 20th Anniversary artwork, highlighting the epic journey and rivalries that both hunters and monsters share. 




That wraps up today’s post!

If you haven’t already, make sure to  to give your favourite monster the best chance of winning!

We’ll see you in the hunt!

- The Monster Hunter Community Team",steam_event
ee07a43c-4318-43f8-848a-8a02926d13cb,299bb953-253c-4b24-9182-727e49caf16a,MONSTER HUNTER RISE,Update 2023-09-21,null,2023-09-21,null,false,20 Years of Monster Hunter!,"Hey hunters,

How’s the hunting? We hope Kamura and Elgado are treating you well! 

Following on from our Capcom Online Program at Tokyo Game Show this week, we’re humbled and excited to share with you that March 2024 will mark 20 years since the release of the very first Monster Hunter game in Japan.

To you, our global community of hunters, thank you!

As we begin to mark the occasion, the team have created a special Monster Hunter 20th anniversary logo featuring one of the key things that defines our identities as hunters, our weapons!



To coincide with the logo reveal, we’ve also got our first piece in the 20th anniversary art series to share with you, putting a spotlight on hunters!




There will be more announcements for the 20th anniversary in the future! We’ll be sharing details on these across our official channels, including our  and , so make sure to stay tuned there! 

Whether you first become a hunter with Rise, or joined the hunt a little earlier into our 20 years of Monster Hunter, thank you, it’s great to have you on this adventure with us!

If you’re yet to join the hunt, or looking for new hunting adventures, make sure to take advantage of a colossal discount on the Monster Hunter Franchise pack:

https://store.steampowered.com/bundle/34737/MONSTER_HUNTER_FRANCHISE_PACK/

This discount is part of our Capcom Tokyo Game Show Sale and is available until September 25!



Looking to keep up the hunts in-between your PC gaming sessions? Make sure to check out the newly released Monster Hunter Now mobile game from Niantic! 



Hunt iconic monsters in the real world & enjoy the signature Monster Hunter experience when you're out and about!

Monster Hunter Now has already surpassed 5 million downloads, so you'll be in good company! Plus, there's a special item pack being distributed to all players as a thank you!

Find out more and get hunting on the go .


We’ll see you in the hunt!

- The Monster Hunter Community Team",steam_event
bc549061-9e6f-4dda-819a-e4b840483851,299bb953-253c-4b24-9182-727e49caf16a,MONSTER HUNTER RISE,Update 2023-06-30,null,2023-06-30,null,false,1 Year of Monster Hunter Rise: Sunbreak!,"Hey Hunters,

We're pleased to share with you all that today marks 1 full year since the launch of Monster Hunter Rise: Sunbreak!

Since then, Sunbreak has received 5 full free Title Updates, plus the recent free Bonus Update, which wrapped up Elgado's story and introduced the mighty Primordial Malzeno!

So, here's to you, our glorious Hunters! 





Whether you've been with us since launch, or joined us more recently, it's awesome to have you with us! Thank you!

What are your Sunbreak highlights? Let us know in the comments!

We'll see you in the hunt!

- Monster Hunter Community Team",steam_event
f976a8fe-7654-4dad-902a-f4569452ea90,299bb953-253c-4b24-9182-727e49caf16a,MONSTER HUNTER RISE,Update 2023-06-15,null,2023-06-15,null,false,A Message From Director Suzuki – A Thank You!,"Hey Hunters,

We hope you’re having a great week and have been having fun meeting Primordial Malzeno in the Bonus Update!

We’re back today with a special message from Sunbreak’s Director Suzuki, please check it out below:





There it is, the last regular update from Director Suzuki for Sunbreak. We hope you’ve enjoyed the little hints, teases and info drops from the Director and thank you for checking them out.

But fear not, the Bonus Update is live and we’ve still got some Event Quests on the way until the end of July! We hear there’s some rather cool layered armour to be had from some of them too, let’s have a look at a couple of these rewards below…  








Thanks for checking out today’s post!

We’ll see you in the hunt!

- Monster Hunter Community Team",steam_event
7180badb-74cd-400f-8e25-858e9ef27b0d,299bb953-253c-4b24-9182-727e49caf16a,MONSTER HUNTER RISE,v16.0.0,null,2023-06-07,null,false,Bonus Update (Ver.16.0.0.0),"https://store.steampowered.com/app/1446780/

https://store.steampowered.com/app/1880360/


The final monster ""Primordial Malzeno"" is here. Make sure to get your gear in order!


Malzeno's original form before it was tainted by the Qurio.

Ordinarily, it uses its wings and tail with the elegance of a knight, but under the Qurio's influence, it uses underhanded means of cornering its prey, and in its ""Bloodlust"" state it wields tremendous power. 
Because of the explosive energy corrupting its body, it sometimes shows behavior as if its struggling against an overwhelming force.







Complete challenging Event Quests for a variety of rewards!



Get special deals with DLC packs with a variety of themes!

https://store.steampowered.com/bundle/31225
https://store.steampowered.com/bundle/31226/
https://store.steampowered.com/bundle/31227/







Title Update Ver.16.0.0.0 includes the following additional updates. 








Patch Ver. 14.0.0.0 includes (1) content that requires purchase of Monster Hunter Rise: Sunbreak in order to access, and (2) content that only requires you to install the patch in order to access.
Every addition or update that requires the purchase of the Sunbreak expansion will be indicated in the list below.












https://www.monsterhunter.com/rise-sunbreak/update/en-us/ver16_00_00.html




We look forward to your continued support!",steam_event
f1cf83c3-1f92-4bcc-9a97-7cfca3e223c8,299bb953-253c-4b24-9182-727e49caf16a,MONSTER HUNTER RISE,Update 2023-05-31,null,2023-05-31,null,false,Monster Hunter Rise: Sunbreak Final Digital Event | Developer Roundtable,"Then, join the Monster Hunter team for a developer roundtable discussion on the development journey of Rise and Sunbreak. 

You also might see your screenshot from our #SunbreakTogether campaign featured!




Presented by Monster Hunter series Producer Ryozo Tsujimoto, and Rise and Sunbreak Game Directors Yasunori Ichinose and Yoshitake Suzuki.",steam_event
ab97c552-60c1-4f4b-a1a1-b0a4db31c9d8,299bb953-253c-4b24-9182-727e49caf16a,MONSTER HUNTER RISE,v15.0.1,null,2023-05-31,null,false,Notification of Patch Ver.15.0.1.0,We look forward to your continued support!,steam_event
a62c1c2f-1efa-466d-aeaa-ac33d00df8d2,299bb953-253c-4b24-9182-727e49caf16a,MONSTER HUNTER RISE,Update 2023-05-24,null,2023-05-24,null,false,A Message From Director Suzuki – New Armor Upgrade Option for Qurious Crafting!,"Hey Hunters,

We hope you’re having a great week so far!
 
We’re back with the latest info from Sunbreak’s Director Suzuki for June’s Bonus Update!

If you’ve been enjoying augmenting your sets via the Qurious Crafting system, today’s message should certainly pique your interest…





Hmmm, what could Minayle have waiting for us? Well, with June on the horizon, it looks like we won’t have to wait too long to find out!

That wraps up today’s post! Thanks for taking the time to check it out!

We’ll see you in the hunt!

- Monster Hunter Community Team",steam_event
21bf18d4-15fc-4da1-90dd-8eda411771ec,299bb953-253c-4b24-9182-727e49caf16a,MONSTER HUNTER RISE,Update 2023-05-17,null,2023-05-17,null,false,A Message From Director Suzuki – More Anomaly Investigation Capacity!,"Hey Hunters,

How goes the hunting? 

We’re here today with a new message from Sunbreak’s Director Suzuki that has a new detail that’ll be part of June’s Bonus Update!

If you read , you’ll be aware that each week starting from now until the Bonus Update’s arrival, Director Suzuki will be sharing some sneak peeks at what’s coming! If you didn’t see last week’s post, now you know too! 

To get things rolling, it looks like we’ve got a little something for those who are delving deep into Sunbreak’s endgame… 





That’s right! You’ll have 80 extra quest slots, raising the Anomaly Investigation quest capacity from 120 to 200! Get ready to stock up on even more of your favourite quest combinations!

That wraps up today’s post! Thanks for taking the time to check it out!

We’ll see you in the hunt!

- Monster Hunter Community Team",steam_event
53348f84-cb44-4810-b255-ad528e207a33,299bb953-253c-4b24-9182-727e49caf16a,MONSTER HUNTER RISE,Update 2023-05-11,null,2023-05-11,null,false,A Message From Director Suzuki – Bonus Update Details & New Decoration,"Hey Hunters,

How’re you getting on with Free Title Update 5 and Amatsu?

Talking of updates, we’re back today as Sunbreak’s Director Suzuki has revealed today that starting next week, he’ll be starting to share details of June’s Bonus Update!

But wait, there’s more! Director Suzuki has a new decoration reveal to tide us over in the meantime, and this one should certainly catch the attention of Hunters that like to bring some DOOT to the hunt…





Oh yes, starting next week you can expect some details to start flowing about Sunbreak’s Bonus Update over on the official ! 

We’ll also share them here on Steam too, so you won’t miss out on what’s coming! 




If you’re new to Monster Hunter Rise or Sunbreak after joining us in the recent sale (Welcome to the hunt!!), here’s what’s happened recently, as well as a tease at the Variant monster that awaits you…



That wraps up today’s post! Thanks for taking the time to check it out.

We’ll see you in the hunt!

- Monster Hunter Community Team",steam_event
b37a61fa-8939-4eb1-a98b-8d89b51d7ef1,299bb953-253c-4b24-9182-727e49caf16a,MONSTER HUNTER RISE,v15.0.0,null,2023-04-20,null,false,Title Update 5 (Ver.15.0.0.0),"https://store.steampowered.com/app/1446780/

https://store.steampowered.com/app/1880360/



New monsters, including a Risen elder dragon!



Elder dragons that can manipulate the weather and are able to conjure up unrelenting gales. Amatsu glide through the air on currents they create using their wing membrane, making it look as if they're dancing in the sky.
The storms they summon are extremely destructive and can lay entire cities to waste, thus they are known as the ""Looming Calamity.""
When enraged, their storms become even more violent, enveloping the area with unrelenting lighting strikes.


Risen Shagaru Magala are elder dragons that have found a way to overcome their affliction. By suppressing the Qurio virus, they have gained great strength and new abilities.
They release larger quantities of the Frenzy virus, resulting in viral explosions with increased radius. Anything that gets in their way will fall prey to their powerful wingarms.
When their anger reaches its peak, they'll enter into their Risen state and their body will begin to glow.




New monsters, including Risen Shagaru Magala!
Anomaly Investigations now go up to Lv. 300!



A new quest type for experienced hunters!




Complete Event Quests to gain special rewards!




A variety of content, including special stickers designed by Minoto!",steam_event
fdd5c9d1-fa97-4446-a7f3-ea8b37fcf152,299bb953-253c-4b24-9182-727e49caf16a,MONSTER HUNTER RISE,Update 2022-10-27,null,2022-10-27,null,false,A Message From Director Suzuki – Gunlance Shelling Level Boosts!,"Hey Hunters,

We hope the week’s been treating you well!

Following on from last week’s Director Suzuki Post, in which he gave us our first look at  coming to Sunbreak as part of Free Title Update 3, we’re back with his latest info drop… and this one’s for the Gunlancers!





That’s right, from Free Title Update 3 onwards, you’ll be able to further upgrade your Shelling Lv 6 & 7 Gunlances via Qurious Crafting up to Shelling Lv 8! 

We’re excited to see an increased range of Gunlances blasting through Sunbreak’s endgame! Which Gunlances will you be upgrading first and taking into the hunt? Let us know in the comments!

For those wondering, Free Title Update 3 will be available to all Sunbreak players in late November, with even more Free Title Updates coming in 2023!



Thanks everyone! See you in the hunt!

- Monster Hunter Community Team",steam_event
8ba12352-79fb-43f2-ae37-827ca7307013,299bb953-253c-4b24-9182-727e49caf16a,MONSTER HUNTER RISE,Update 2023-04-12,null,2023-04-12,null,false,Free Title Update 5 Digital Event – April 19th!,"Hey Hunters,

How’s it going? 

We’ve got some exciting news for you today as we’re pleased to announce that the Monster Hunter Digital Event returns on April 19th and will be detailing everything you need to know about Free Title Update 5, including the return of a fearsome Elder Dragon…

By special request of Elder Fugen, Dame Fiorayne will also be returning as our event host: 



You’ll be able to join us live and watch the new event over on the official  channel at the following times on April 19:

We’ll have a countdown starting 15 minutes before the above times, so feel free to come by a little early and get comfy!

If YouTube is more your thing, you’ll also be able to watch live on the official .




Sunbreak’s Director Suzuki also took a moment to share his excitement for the upcoming Digital Event, including some Hunters simply enjoying the view…




That wraps up today’s post! 

As always, thanks for taking the time to check it out! We’ll see you live at the Digital Event, Hunters!

- Monster Hunter Community Team",steam_event
936f631b-f6c0-4702-a1de-80f0dbe78962,299bb953-253c-4b24-9182-727e49caf16a,MONSTER HUNTER RISE,Update 2023-04-06,null,2023-04-06,null,false,A Message From Director Suzuki – New Decorations & Rampage Decorations!,"Hey Hunters,

How’re the hunts going?

We’re back today with another update from Sunbreak’s Director Suzuki, who this week, has a confirmation that’s sure to please those of us that appreciate their sets full of the spiciest decorations. 

There’s also a reminder about the free “Velkhana Costume” Palamute layered armour set, which is available now to all Rise and Sunbreak players!

Before that though, let’s look at that decoration news…





That’s right, we’re getting both new decorations and Rampage Decorations to further augment and upgrade our weapons and armour! We even got a look at one of these new decorations, Shockproof Jewel 1, a handy one slot that disables damage reactions when you hit a friend or when a friend hits you! 

Fun Fact: This will be a brand-new skill for a lot of Hunters, but it first appeared in Monster Hunter Frontier under a different name!

The best bit, there’s even more decorations waiting to be discovered as part of Free Title Update 5!




Oh yes, you can get your faithful Palamute buddies the  layered armour right now, totally free! 



Just head over to the DLC page below to download it and charge into the hunt, flagship style!

https://store.steampowered.com/app/2167465/Monster_Hunter_Rise__Velkhana_Costume_Palamute_layered_armor_set/

That wraps up today’s post, thanks everyone!

We’ll see you in the hunt!

- Monster Hunter Community Team",steam_event
5a3e66dd-1842-4b3a-baed-896dce6d0900,299bb953-253c-4b24-9182-727e49caf16a,MONSTER HUNTER RISE,Update 2023-03-23,null,2023-03-23,null,false,A Message From Director Suzuki – New Melding Pots Revealed!,"Hey Hunters,

We hope you’ve had a great week so far!

Recently, Sunbreak’s Director Suzuki revealed that two new melding would be coming to the game as part of Free Title Update 5! Today, Director Suzuki has shared even more information on what these new additions will be…





That’s Qurious Melding-Vigor and Qurious Melding-Cyclus officially revealed! These will differ from existing melding options as the talismans they create require afflicted materials to craft.

How exactly they’ll augment your sets and hunting prowess we’ll find out in the near future as we approach Free Title Update 5’s arrival in April!

We’ll see you in the hunt!

- Monster Hunter Community Team",steam_event
80407a17-09a6-4414-a8eb-33dc58aab0fa,299bb953-253c-4b24-9182-727e49caf16a,MONSTER HUNTER RISE,Update 2023-03-20,null,2023-03-20,null,false,A Message From Director Suzuki - New Decoration Features & Weapon Adjustments!,"Hey Hunters,

How’s it going?

Before we get into the latest updates from Sunbreak’s Director Suzuki, we just want to say welcome to all the Hunters that have joined us during the Steam sale! 

Whether you’re saving Kamura from the Rampage in Monster Hunter Rise, or crossed the ocean to start your Master Rank adventures in Sunbreak’s Elgado Outpost, we hope the hunts are treating you well, it’s great to have you with us!

Moving onto today’s post, we’ve got not one, but two Free Title Update 5 info drops to share with you, so let’s make like a Jyuratodus and dive in! 





There you have it! Free Title Update 5 will include multiple weapon adjustments, as well as further quality of life improvements when it comes to gearing up and managing your sets!

Speaking of which, that decoration image is certainly worth a closer look…


That wraps up today’s post! Thanks for taking the time to check it out!

We’ll see you in the hunt!

- Monster Hunter Community Team",steam_event
9735835e-8b1f-4ff0-b868-abd85e4a2b4f,299bb953-253c-4b24-9182-727e49caf16a,MONSTER HUNTER RISE,Update 2023-03-01,null,2023-03-01,null,false,A Message From Director Suzuki - New Anomaly Investigation Search Settings!,"Hey Hunters,

We hope your hunts have been glorious and the mantles flowing for you!

Starting last week, Sunbreak's Director Suzuki has begun sharing new information on what's coming to the game as part of Free Title Update 5's arrival in April.  

Things kicked off with news of , and this week Director Suzuki is back with some more quality of life news for Anomaly Investigations...





As the team have continued to grow Sunbreak's expansive endgame, even more materials have been added to power-up and customise your gear even further. This quality of life addition will make it easier to quickly identify the right Anomaly Investigations to go for, depending on what afflicted monster parts you're looking for! 

This means more time in the hunt, and a little less time with your head buried in your hunting notes!


That wraps up today's post! Thanks for taking the time to check it out.

We'll see you in the hunt!

- Monster Hunter Community Team",steam_event
b78bd99e-537c-445d-8507-767f18018347,299bb953-253c-4b24-9182-727e49caf16a,MONSTER HUNTER RISE,Update 2023-02-22,null,2023-02-22,null,false,A Message From Director Suzuki – More Melding Pots!,"Hey Hunters,

How goes the hunts? We hope you’ve got yourself some tasty new gear from Free Title Update 4!

Talking of Free Title Updates, starting today, Sunbreak’s Director Suzuki has begun revealing details of what’s coming in Free Title Update 5 in April! 

 To get things rolling, we’re starting with a new addition you’ll be able to make use of… 





It looks like Oboro’s got some new treats for us on the way! As mentioned, these new Melding Pots will primarily use new materials – so if you’re currently farming for your “God Roll” talisman(s), you can continue to do so without worrying about exhausting resources you might have needed for these new additions.

What exactly will these new Melding Pots do? We’ll just have to wait and see…


That wraps up today’s post! Thanks for taking the time to check it out!

We’ll see you in the hunt!

- Monster Hunter Community Team",steam_event
4cce60d6-102f-4500-85bf-c0ab7632a26e,299bb953-253c-4b24-9182-727e49caf16a,MONSTER HUNTER RISE,v14.0.0,null,2023-02-06,null,false,Title Update 4 (Ver.14.0.0.0),"https://store.steampowered.com/app/1446780/

https://store.steampowered.com/app/1880360/



New monsters, including a Risen elder dragon!



Encounter new challenges and rewards in Anomaly Research Quests including:
- New monsters, including Risen Crimson Glow Valstrax
- A8 ★ quests
- Anomaly Investigations up to Lv. 220
- New Features for Qurious Crafting including unlocked weapon crafting limits and new items at the Anomaly Research Lab



Turn 3D Audio on or off.
If you want to use this feature, make sure to turn on the 3D Audio functionality of your hardware as well.

This can be accessed from the Windows Start Menu, by going to Control Panel > Hardware and Sound > Sound, then opening the Properties of your playback device, and changing the Spatial sound settings.



Complete Event Quests to gain special rewards!



A variety of DLC has been added, including layered armor sets!

https://store.steampowered.com/bundle/29254/






Title Update Ver.14.0.0.0 includes the following additional updates. 








Patch Ver. 14.0.0.0 includes (1) content that requires purchase of Monster Hunter Rise: Sunbreak in order to access, and (2) content that only requires you to install the patch in order to access.
Every addition or update that requires the purchase of the Sunbreak expansion will be indicated in the list below.












https://www.monsterhunter.com/rise-sunbreak/update/en-us/ver14_00_00.html




We look forward to your continued support!",steam_event
624b4df9-fe7e-43cc-9185-754744a9961c,299bb953-253c-4b24-9182-727e49caf16a,MONSTER HUNTER RISE,Update 2023-02-03,null,2023-02-03,null,false,Kamura Hunter’s Hub #17 – Digital Event Summary!,"Hey Hunters,

Welcome to Kamura Hunter’s Hub #17!

We’ve just held the latest Monster Hunter Digital Event for Sunbreak, revealing all the new content coming to the game as part of Free Title Update 4 on February 7th, so we thought we’d share a quick summary with you in case you missed it!

Yep, not long to wait until you clash with a familiar foe, born from ice…



Now that’s a  update! If you’d like to watch the Digital Event in full, we’ll have that embedded at the bottom of the post for your viewing pleasure.




Behold the Lord of the Tundra, Velkhana! 



You can expect a frigid reception when facing this returning Elder Dragon. Able to manipulate water particles in the air around it to snap freeze its prey, as well as manifesting lethal pillars and shards of ice to shatter their opponent’s body and will. Get ready Hunters, you’re in Velkhana’s turf now!

We know that some of you brave Hunters who spent time in the New World and Hoarfrost Reach will find this hunt familiar, but just as you’ve learnt some new tricks, so has Velkhana…



You’ll be able to enter Velkhana’s frozen domain from MR 10, so wrap up warm Hunters! 



The arrival of Velkhana also means new armour and weapons for you and your buddies! What powers they’ll imbue, we’ll leave you to discover…








Another Elder Dragon has overcome the affliction, bare witness the meteoric rise of Risen Crimson Glow Valstrax! 



Bringing with it one of the toughest challenges in Sunbreak to date, Risen Crimson Glow Valstrax will give you an unrelenting hunt, giving you no respite at close- and long-range combat.

Just like with our other Risen Elder Dragons, you can expect new, never-before-seen moves. You’ll discover why some call it the Comet of Doom…



You’ll be able to take on Risen Crimson Glow Valstrax in its realm of despair from MR 160! Watch the skies…



Those that manage to overcome this new Risen threat will be able to craft a new set for their Hunter! What power awaits at the comet’s core? You’ll find out soon…






As you’ve seen in previous Free Title Updates, the maximum level of Sunbreak’s endgame, Anomaly Investigations, has increased again, reaching a new cap of 220!

With the new cap comes A8★ Anomaly Research quests and a spicy new twist to the existing formula. Alongside Afflicted Chaotic Gore Magala, Risen Elder Dragons will also start appearing in Anomaly Investigations at Level 111 and above.

Yep, you read that right, Risen Elders such as Risen Kushala, Risen Teostra and Risen Chameleos will be making your acquaintance outside of their existing quests.



The original Risen Elders are tough, and these Anomaly Investigation versions, well let’s just say they’re definitely rising to the challenge…





Taking down these empowered Risen Elders will yield new crafting materials that’ll allow you to unlock the level cap for Qurious Crafting on your weapons, giving you the option to further empower your weapons by increasing the number of Anomaly Slots at your disposal!

Bahari’s also increased his stock at the Anomaly Research Lab, so you’ll have even more goodies and monster parts to spent those Investigation Coins on!

We’ve also got some new quality of life additions coming to the Anomaly Research system. Previously, you needed to hunt the specified monster in order to make progress towards the Investigation Coin bonus. Now, all Afflicted monsters above the states level will count towards the request counter, but if you hunt the requested monster, you’ll receive a juicy bonus. Also, the conditions will be adjusted to more regularly draw a lower quest level floor for the request.

Bahari’s got your back!




You’ll be pleased to hear that we’ve got another big batch of Event Quests for you that’ll start to roll out weekly from Free Title Update 4!

If you like to put your skills to the test, you’re in for a treat as Dual Threat quests make a return and this time they’ve brought with them a Seething Bazelguese x Chaotic Gore Magala combo, as well as Furious Rajang and Scorned Magnamalo! (Just who’s angrier out of these 2? We guess you’ll find out soon)

But hey, we know that when it comes to Event Quests you’re keen to know what’s up for grabs…

The team have some exciting rewards for you to earn, with multiple sets of layered armour and individual layered gear pieces. Check out just a few of them below:





These rewards, as well as the others we haven’t shown, will be made available throughout Free Title Update 4!




To celebrate Velkhana’s arrival in Sunbreak, we’re giving you the opportunity to get early access to a free Palamute Costume that’ll show off your faithful buddy’s chill composure, literally…



Oh yes! Your Palamute can rock the Velkhana look both at the hub and in the hunt! Big win for the Hunters among us who’ve always wanted a pet Elder Dragon!



In order to get this Costume, all you need to do is create a Capcom UD account and enter the giveaway before February 5 at 8pm PST / February 6th at 4am GMT / 5am CET.

The Capcom ID is our unified account that includes services for a variety of Capcom games. Creating an account is free. The Velkhana Costume will also be available to other players at a later date.

Head to the official website  for more details and to sign-up! 




Alongside all the free content that’s we’ve added in Free Title Update 4, we’ve also added some additional, optional paid DLC including layered armour, gestures, poses, BGM, and more fun optional content to spice up your hunting life.

But we wanted to give a special spotlight to one particular drop… behold the stars of , Lance Gunn, Ran Page, Pup R. and Kit T.!






These layered costumes will be available to buy after Free Title Update 4 is live! You'll find them in our DLC section on the store page, so feel free to check them out!  



That wraps up our summary of Free Title Update 4 ahead of its arrival on February 7! What are you most excited for? Let us know in the comments!

Oh and the hunt doesn’t end with this update, Free Title Update 5 arrives in April and brings with it a truly fearsome returning Elder Dragon. Prepare yourselves, Hunters.






That wraps up today’s summary post! Thanks for taking the time to check it out! 

As mentioned at the start of the post, if you’d like to watch the Digital Event in full, you can do so below: 



We’re off to prepare for the incoming quality of life feature, ! (Got to prep those layered sets for our different elemental weapons, you know how it is!)

See you in the hunt!

- Monster Hunter Community Team",steam_event
ba7aaa5d-c305-4683-ac95-c8dc023b5c7f,299bb953-253c-4b24-9182-727e49caf16a,MONSTER HUNTER RISE,Update 2023-02-01,null,2023-02-01,null,false,Title Update 4 Trailer,"New monsters, including a Risen elder dragon!



Known as the ""Ice Dragons that Freezes All"" or the ""Iceborne Wyvern,"" few records of Velkhana exist.
As such, they remain shrouded in mystery. Their icy breath is so cold that it can form massive ice walls and spires out of nowhere, and it is even powerful enough to freeze other monsters.
Some reports indicate that Velkhana will freeze their rivals in order to establish their domain.


Risen Crimson Glow Valstrax are elder dragons that have found a way to overcome their affliction.
Very few will be able to withstand their ferocious attacks.
When their anger reaches its peak, they'll enter into their Risen state and their body will begin to glow.




Encounter new challenges and rewards in Anomaly Research Quests including:
- New monsters, including Risen Crimson Glow Valstrax
- A8 ★ quests
- Anomaly Investigations up to Lv. 220
- New Features for Qurious Crafting including unlocked weapon crafting limits and new items at the Anomaly Research Lab



Complete Event Quests to gain special rewards!




A variety of DLC has been added, including layered armor sets!",steam_event
33449e57-8f1a-45c8-ad6f-407c30c650d8,299bb953-253c-4b24-9182-727e49caf16a,MONSTER HUNTER RISE,Update 2023-01-26,null,2023-01-26,null,false,Free Title Update 4 Digital Event – February 1st!,"Hey Hunters,

We hope you’re all having a great week!

Today we’re pleased to announce that the Monster Hunter Digital Event returns on February 1st and is packed full of exciting information about Free Title Update 4!

We’ve also got Elgado’s lead scientist, Bahari, to host the event – take a look at what he’s got planned for us in our new teaser trailer:



That’s right, we’ve got a returning Elder Dragon, the latest roadmap and more to show you!

You’ll be able to watch the Digital Event live over on the official  at the following times on February 1st:

 You can also watch the event live from the official Monster Hunter YouTube channel below:



We look forward to having you with us and can’t wait to delve into what Free Title Update 4 has in store for you!




Oh, but there’s more! 

To celebrate the upcoming arrival of Sunbreak’s Free Title Update 4, we're planning to give out a special Palamute layered armour to CAPCOM ID users. Full details will be revealed in the Digital Event too, so don’t miss out!



You can quickly sign-up for a free Capcom ID account !


That wraps up today’s post!

Thanks for taking the time to check it out, Hunters! Hopefully we’ll see you there!

- Monster Hunter Community Team",steam_event
c3e6a286-ae05-4830-b4bb-ba8fb5d96dee,299bb953-253c-4b24-9182-727e49caf16a,MONSTER HUNTER RISE,Update 2023-01-19,null,2023-01-19,null,false,Sunbreak Free Commemorative Item Pack – Available Now!,"Hey Hunters,

Today we’re excited and humbled to share with you that Monster Hunter Rise: Sunbreak has sold more than 5 million units worldwide!



This wouldn’t have been possible without the amazing support that you, the Monster Hunter Steam community, have given to Sunbreak. Thank you!

As a small token of our appreciation, you’ll now be able to claim a free item pack, “Elgado Pack 5”, from either Senri the Mailman in Kamura, or the Courier in Elgado that contains the following:



The best bit? There’s still plenty more Sunbreak goodness to come in 2023 with Free Title Update 4 just around the corner in February, and Free Title Update 5 coming in Spring!



That wraps up today’s post!

Thanks again Hunters, you rock! We’ll see you in the hunt!

- Monster Hunter Community Team",steam_event
5f2d8da2-44e9-4243-aa93-6e755e032d42,299bb953-253c-4b24-9182-727e49caf16a,MONSTER HUNTER RISE,Update 2023-01-18,null,2023-01-18,null,false,A Message From Director Suzuki - Anomaly Research Requests Update!,"Hey Hunters,

How’s the hunting going? Taken down any of recently added Risen Elder Dragons yet and claimed their powerful armour sets? 

Today we’re wiredashing by with the latest Free Title Update 4 sneak peek from Sunbreak’s Director Suzuki!

Last week Director Suzuki introduced the “Hunter Loadout” feature that’s coming in February, streamlining the loadout process by combining your item, equipment and layered sets into one loadout option! You can read more about it .

This week we’ve got even more quality of life goodness for you, this time around Sunbreak’s endgame, Anomaly Investigations…





What does this mean for you? Well, soon you’ll be able to progress Bahari’s Research Requests by simply completing Anomaly Investigations at, or higher than the requested level, earning you progress towards the juicy Request Completion Rewards!

On top of that, slaying the target monster is now classed as a bonus, not a primary objective. Instead, taking down the target monster will give you extra completion progress and a generous boost to your research points.


That wraps up today’s post from Director Suzuki! Before we head off, have you been diving into 2023’s new Event Quests? 

Last week’s quest, “A Dress to Die For”, which tasks you with taking down both a Lunagaron and Gore Magala, rewards you with the “Dusk” layered armor set!




Whether you want to rock the full set, or work it into your mixed fashion set, the choice is yours!

Thanks everyone! We’ll see you in the hunt!

- Monster Hunter Community Team",steam_event
f2eb51bc-8b7c-46ef-859e-b44593f6b84b,299bb953-253c-4b24-9182-727e49caf16a,MONSTER HUNTER RISE,Update 2023-01-12,null,2023-01-12,null,false,A Message From Director Suzuki – Hunter Loadouts!,"Hey Hunters,

We hope the hunts have been treating you well so far in 2023! Also, a huge welcome to all the Hunters that have joined us in Kamura and Elgado in the recent Steam Winter Sale, it’s great to have you with us!

As you may already know, Free Title Update 4 is coming in February and on the lead up to its arrival, Sunbreak’s Director Suzuki is sharing weekly sneak peeks every Wednesday at what’s to come on the official !

This week we got a first look at a juicy new quality of life feature we’ve seen Hunters requesting, “Hunter Loadouts”…





You read that right, from Free Title Update 4 you’ll be able to combine your equipment, item and layered armour loadouts into one handy Paratoad sized package!

This’ll allow you to quickly switch to the right set for the occasion, whether that’s for fashion, function or both – meaning you can get back into the hunt even swifter than before!

We’ll leave you for now with a look back at the awesome year we had in 2022, as well as a little look into what 2023 has in store…



Hmm, this latest version of Sunbreak’s roadmap from the end of the video has a rather intriguing silhouette, wouldn’t you agree Hunters…



Thanks everyone! We’ll see you in the hunt!

- Monster Hunter Community Team",steam_event
8616bdcc-6133-408c-8f76-1a24950fb4d3,299bb953-253c-4b24-9182-727e49caf16a,MONSTER HUNTER RISE,Update 2023-01-04,null,2023-01-04,null,false,Kamura Hunter’s Hub #16 – Developer’s Challenge & Buddy Spotlight!,"Hey Hunters,

Happy New Year and welcome to Kamura Hunter’s Hub #16!

We hope you’ve been having a great time with Free Title Update 3! Taking on the newly added Monsters, crafting powerful new gear and delving even deeper into Anomaly Investigations, as well as the expanded Followers system! 

What’s been your favourite parts of the latest Title Update? Let us know in the comments at the end of the post, we really appreciate hearing your thoughts! (Also, feel free to share some cool mixed sets you’ve been making with the new gear!!!)

Now, back to today’s post! We’ve got a Sunbreak Developer double-bill for you as we share some challenging hunt gameplay straight from the team, as voted for by the community on Twitter, and put a spotlight on the Dev Teams very own buddies that they take out on hunts – including those of both Rise and Sunbreak’s Directors!

Let’s jump in!



Since mid-October, the Sunbreak Dev Team have been putting their skills on display in the Sunbreak Developer’s Challenge, taking on Event Quests as they showcase their moves against a range of Sunbreak’s monsters! 

Each Developer that takes part has also been sharing a “Challenger’s Comment” with some fun insight at the end of their clip – we’ll share those under the videos too!

The first one dropped on October 14th, with subsequent ones being voted for by the community on Twitter! Let’s take a look at what hunts have gone down so far…



Things kicked off in style as one of Sunbreak’s Game Designers took on the Event Quest “Dual Threat: Go Out with a Bang!”, tasking them with taking down not one, but two Seething Bazelgeuse with their dual blades! 



It turns out our Game Designer was quite the fan of Spiral Slash, and they took a moment to explain why:



Following that we held a weapon poll for the next video between Long Sword, Gunlance, Charge Blade and Bow, with the winner being…



That’s right, Gunlance’s explosive personality blasted it to victory in the community poll!

Another brave Sunbreak Game Designer stepped forward, Gunlance in hand and took on the Event Quest “Dual Threat: A Returning Rush of Red”, pitting them against the fearsome Elder Dragons, Malzeno and Shagaru Magala…



We saw many comments from Gunlancers that our Developer had an unexpected, yet effective playstyle, encouraging them to try it out for themselves! What could have led to this playstyle? Well, it turns out this particular Game Designer worked very closely with the Gunlance on Sunbreak:



Then came the next poll, pitting Sword & Shield, Hammer, Insect Glaive and Light Bowgun against each other, with the winner being…



The Insect Glaive gracefully vaulted itself into our third and most recent challenge video!

Our third intrepid Sunbreak Game Designer stepped into the arena (literally) against a Crimson Glow Valstrax and Furious Rajang in the Event Quest “Dual Threat: Destructive Stars”!



Our Developer used a range of aerial and ground combos to successfully complete the hunt, and even took a moment to share their personal tips for Kinsects:



What’s next for the Sunbreak Developer’s Challenge? Well, our latest Twitter poll recently with the Hunting Horn being selected as the winner!

That means that the next video will be releasing in the near future over on the official , so feel free to drop us a quick follow if you’d like to see another member of the Sunbreak team showcasing their skills in the hunt!




Now you’ve seen some of the team in action! But what about our faithful Palico and Palamute pals? If you’re keen to see what Buddies some of the team use, or after some cheeky Buddy build inspiration, we’ve got you covered!

We’re currently mid-way through our Buddy Spotlight on Twitter, so we figured it’s about time we looped you in on it too! 

So, get ready to meet the Buddies of Monster Hunter Rise Director, Yasunori Ichinose, Monster Hunter Rise: Sunbreak Director, Yoshitake Suzuki, as well as Sunbreak’s Lead Buddy Designer! 



First up, meet the buddies of Monster Hunter Rise Director, Yasunori Ichinose! The fluffy black and purple look of the buddies matches the violet princess look of the Hunter!



Check out the details of their hunting set .




Director Suzuki uses two sets of buddies, with one consisting of two Palicos. He focuses first and foremost on having the most noble look possible!



Naturally, these buddies are as sharp as their fashion when it comes to the hunt, so check out their set .




Now we have the Lead Buddy Designer’s very own Buddies! Let’s check out what they had to say when we asked about their Buddies:



(A pawfect combo in our opinion!)



How does our Lead Buddy Designer kit out their buddies with gear and skills for the hunt? Find out .


That wraps up our current Buddy Spotlights! We’ll be sharing more on the official  account soon!

Did anything catch your gaze? Will you be teaching your Buddies some new tricks, or maybe even upgrading their wardrobe? Let us know!

Oh, and one more thing, whilst we’re chatting about it, if you want some cool new layered gear for your furry friends, make sure to complete our recently added Event Quest “Purr-ivate Eye”! 

Doing so will unlock these rather dapper outfits for budding detectives!





That wraps up this week’s community post! Thanks for checking it out!

We hope you enjoyed seeing the Dev Team in action in the Sunbreak Developer’s Challenge, as well as getting a little look at how some of the team like to equip their Buddies for the hunt! 

We’ll be back again soon with another community update, but in the meantime happy hunting with Free Title Update 3!

See you in the hunt!

- The Monster Hunter Community Team",steam_event
998fb165-25b7-485a-b7e0-9aa16cb7c495,299bb953-253c-4b24-9182-727e49caf16a,MONSTER HUNTER RISE,Update 2022-12-22,null,2022-12-22,null,false,"Steam Awards Finals – Vote Monster Hunter Rise for ""Better With Friends""!","Hey Hunters,

You did it! Your votes for Monster Hunter Rise in the “Better With Friends” category for the Steam Awards has got us through to the finals! 

This is all thanks to you, our amazing Monster Hunter community – thank you!



Now we’re in the end game and our competition for the gold crown is fierce! 

But hey, we’re Hunters – let’s show them what we’re about! Working together to succeed in the hunt and bringing home that sweet loot!





It’s time to finish this hunt and claim the mantle of “Better With Friends” in the 2022 Steam Awards, let’s do this!

Every single vote matters, so we humbly ask that you please use your vote for Monster Hunter Rise! Voting is live now and this is a fresh vote, so get stuck in at the top of this page - voting closes January 3rd at 9am PST / 5pm GMT / 6pm CET! 

For all those epic hunt comebacks against the odds as you band together, for all those “just one more hunt” early morning sessions with your friends, and those hilarious carting moments because somebody mistimed rolling through Teostra’s flame breath again! (Seriously, that stuff is spicy!)



Thank you, Hunters.

We’ll see you in the hunt!

- Monster hunter Community Team",steam_event
a43bf3af-fce1-4329-ae9b-dd373f3280de,299bb953-253c-4b24-9182-727e49caf16a,MONSTER HUNTER RISE,v13.0.0,null,2022-12-09,null,false,Notification of Patch Ver.13.0.0.1,We look forward to your continued support!,steam_event
0c094d68-6a2b-45d0-9049-87c1083aa327,299bb953-253c-4b24-9182-727e49caf16a,MONSTER HUNTER RISE,Update 2022-12-01,null,2022-12-01,null,false,The Path to Sunbreak - New Player Info: Part 2!,"Hello Hunters and welcome to Part 2 of our “Path to Sunbreak” Community Post!

This part is spoiler free, so fear not if you’re looking discover the story of Rise on your own terms! 

Now, in this part we’re going to be looking at some optional free gear that’s available to assist you as you settle into Rise, should you wish to use it, kitting out your Palico and Palamute Buddies for the hunt, as well as some handy tips for capturing monsters!

Let’s get stuck in!









The Black Belt S gear is a set of armour that any player can pick-up from the friendly Felyne, Senri the Mailman, in Kamura.



Simply start a conversation with him, select “Add-on content” and then “Accept All”, or seek out the armour in the list of available content.



Once done, head over to your item box and you’ll be able to equip this powerful set! Built for use in both Low and High Rank quests, this set boasts 330 defence and comes with a range of offensive armour skills.



The Black Belt S gear’s individual pieces can be mixed with other sets, so if you’re looking to make a set with specific skills, feel free to experiment as you hunt more monsters and unlock the ability to craft their armour.

(And yes, fashion hunters, this is also available as Layered Armour!)





Just like the Black Belt S gear, you’ll also be able to get the Defender Weapons in one bundle from Senri the Mailman! 

The Defender Weapons cover all 14 weapon types, so whether you’re a Hammer smasher, Long Sword wielder or nimble Bowgunner, you won’t miss out! These weapons begin stronger that the equivalent starting weapons and can also be upgraded as you progress through the game, further increasing their strength! 



The Defender weapons not only serve as a great way to start your quest to save Kamura, but also introduce you to the deep and rewarding gear crafting and upgrade system! 

Of course, whilst useful, these weapons are entirely optional, so check them out if you like, or feel free to explore the huge range of weapons you can craft as you progress through the game. From weapons that cause elemental damage and status effects to those focused on raw attack output, there’s plenty of choice to suit your preferred playstyle and capitalise on monster weaknesses!






Don’t overlook the importance of your buddies during a hunt! If you’re playing solo, you can bring up to two buddies with you. Mix and match a Palico and Palamute, or even run with two of the same type of buddy. Remember that in a multiplayer hunt, you can only bring one buddy, so make sure you have your preferred buddy in your primary spot!



Buddy Skills are another key component that will aid you in progressing through the low and high ranks faster. Regardless of which type of buddy you bring; the Knockout King skill is a great choice that will increase the likelihood of stunning and tiring monsters. If you’re looking for a bit of protection from your Palamute, the Guarding Parasol is a nice aid to protect yourself from a few hits.

  

For Palicoes, you have quite a bit of flexibility on what type of buddy to bring with you. On the community team, we’re big fans of Gathering Palicoes thanks to their Endemic Life Barrage and Pilfer skills! Although the results can be somewhat unpredictable depending on what toad is used (Sleep, Paralysis etc), Endemic Life Barrage’s status ailments are helpful in a pinch when taking on tough monsters. Lastly, this support type does what it says…gather more materials, whether that’s items found around the locale, or extra monster parts using the Pilfer skill! And as we know, more loot is never a bad thing!

These are just a few suggestions to get you started, but as with all tips in this guide, feel free to play around with what works best for your preferred playstyle! The Buddy system is flexible and versatile to suit how you want to play, but hopefully these tips give you a good place to start from!




Capturing a Monster can oftentimes be a quick and sure-fire way to wrap up a quest quickly and get you moving up the ranks quicker! Although you’ll be able to tell a Monster is ready to be captured based on its more sluggish behaviour, the two best ways to tell when it’s time to bring the traps out are when your Palico Buddy mentions the Monster is ready for capture, or when the blue skull-like icon appears below the Monster’s icon in the top right corner. 

To capture a Monster, you’ll need to snare them in either a Shock Trap or Pitfall Trap. We recommend always having one of each in your item loadout, just to be sure! Once the Monster is caught in the trap, throw down two Tranq Bombs right next to it to complete the capture. 

Keep in mind that some Monster materials can only be obtained by slaying the Monster, and others have different drop rates depending on how you defeat the Monster. If you’re playing in a group, it helps to be on the same page on whether to slay or capture the Monster!




That about does it for our tips, so it’s time for us to set you loose on those Monsters with all the knowledge above. Whether you follow this advice down to the letter or decide to forge your own path to Master Rank, remember to have fun and treat every hunt as a fun learning experience! Before you know it, you’ll be in Elgado and taking on some of those tough challenges in the Citadel. 

Good luck Hunters, you’ve got this!

See you in the hunt!

- Monster Hunter Community Team",steam_event
6ab32e91-a4fc-4395-a296-9e13c06ba453,299bb953-253c-4b24-9182-727e49caf16a,MONSTER HUNTER RISE,Update 2022-11-25,null,2022-11-25,null,false,The Steam Awards - Vote For Monster Hunter Rise!,"Hey Hunters,

We hope you’re all enjoying Free Title Update 3! From the new monsters and gear, to the vastly expanded Follower system and those spicy Gunlance buffs – there’s lots for you to get stuck into! 

Which brings us on to today’s post! That’s right, the Steam Awards are here once again, giving you, our awesome community, the chance to nominate us to win a much coveted award!

As you've probably seen, there's a wide range of categories to choose from when nominating a game, so we sat down and had a think about what would best suit Monster Hunter Rise and Sunbreak - and as you can see from the top of the post we chose the ""Better With Friends"" category!




Monster Hunter is designed in a way that whether you play solo, or in multiplayer, the game scales around you, giving you curated, fun experiences no matter how you choose to play! 

From rocking it solo with your buddies, and as of Title Update 3, with Followers, to jumping into hunts with other online Hunters, or your friends, there's something for everyone, or just how you're feeling for that gaming session.

But then, we all have those moments playing Monster Hunter with friends that make us howl with laughter, or cheer with joy! Seeing one of your buddies get slapped back to camp by a Furious Rajang, or whiffing their ""immaculately"" setup GS wake-up, to saving the party from a triple cart with a clutch Lifepowder or decimating a challenging monster with your finely honed teamwork - those kind of moments and memories that can only happen in a Monster Hunter game!



So, fellow Hunters, we humbly ask that you nominate Monster Hunter Rise, because when it comes to multiplayer gaming, Monster Hunter is ""Better With Friends"".

Of course, if you think other categories would be more suitable, then please feel free to vote for it!

Thank you.

We'll see you in the hunt!

- Monster Hunter Community Team",steam_event
c9061635-902c-49d1-8e17-616b6394d3eb,299bb953-253c-4b24-9182-727e49caf16a,MONSTER HUNTER RISE,Update 2022-11-20,null,2022-11-20,null,false,Title Update 3 Trailer,"New Risen elder dragons and a powered-up monster make their appearance! Make sure you're suitably prepared!



Gore Magala that have fallen into chaos, having been denied their evolution into Shagaru Magala. They maintain their original power, while possessing the potential of Shagaru Magala, making them incredibly unstable.
Sometimes this leads them to fall into a state of anguish and violence.
When attacking their prey, they repeatedly fold and unfurl their wings, as if to show their internal struggle with their own form.


Risen Teostra are elder dragons that have found a way to overcome their affliction.
While clad in flame, Risen Teostra unleash more dust creating a non-stop barrage of explosions until everything in the vicinity has been turned to ashes.


Risen Kushala Daora are elder dragons that have found a way to overcome their affliction. 
They command destructive storms, easily cornering their prey with a more varied arsenal of attacks than their regular counterparts.




You can now take Followers with you on almost all Master Rank quests, including Anomaly Quests and Anomaly Investigations.




New monsters, including Risen Kushala Daora!
A7★ quests are now available! Anomaly Investigations now go up to Lv. 200!
New features for Qurious Crafting!




Kagami, a new original character voice, is now available as free DLC!




Complete Event Quests to gain special rewards!




We've added the Stuffed Monster Series of 14 layered weapons!
Pick your favorite weapon design to spice up your hunting life!",steam_event
f58aaa10-f4b2-4f27-b4dc-871461c50f1c,299bb953-253c-4b24-9182-727e49caf16a,MONSTER HUNTER RISE,Update 2022-11-15,null,2022-11-15,null,false,Monster Hunter Rise: Sunbreak Digital Event November 2022,,steam_event
0b1e0e8e-8553-4529-af2a-23d0a6ac947b,299bb953-253c-4b24-9182-727e49caf16a,MONSTER HUNTER RISE,Update 2022-10-19,null,2022-10-19,null,false,A Message From Director Suzuki – Adjusting Anomaly Investigation Levels!,"Hey Hunters,

We hope you're all having a great week!

Starting this week, Sunbreak Director Suzuki has begun sharing some small new details about Free Title Update 3, which is scheduled to arrive late November! 

The first piece of news dropped today, so let's get our first sneak peek at a new feature that'll be waiting for us in Free Title Update 3...



So, if you're wanting to have greater flexibilty over your favourite Anomaly Investigations that you've levelled, this quality of life feature will be for you! 

Whether you're looking to target farm lower level anomaly materials, or simply play these quests with friends who are a lower Anomaly Investigation level threshold than you, we hope you enjoy trying this out!

We'll be back again soon, but in the meantime we'll leave you with the Free Title Update Roadmap that takes us into 2023... 



Thanks everyone! See you in the hunt!

- Monster Hunter Community Team",steam_event
6176b4fc-c128-4fec-a08a-45d534ac4445,299bb953-253c-4b24-9182-727e49caf16a,MONSTER HUNTER RISE,v12.0.1,null,2022-10-14,null,false,Notification of Patch Ver.12.0.1.1,We look forward to your continued support!,steam_event
e72d8746-8baa-478e-a171-43b9eb7aaf0b,299bb953-253c-4b24-9182-727e49caf16a,MONSTER HUNTER RISE,Update 2022-10-07,null,2022-10-07,null,false,Kamura Hunter’s Hub #15 – Title Update 2’s New Armour Skills Overview!,"Hey Hunters,

Welcome to Kamura Hunter’s Hub #15!

In this week’s post we’re going to be taking a closer look at the new armour skills that arrived as part of Free Title Update 2! These skills are unique to the three new armour sets that can be crafted from defeating Title Update 2’s new monsters and offer interesting new ways to power-up your playstyle, so we thought we’d check them out with you! 

Director Suzuki also has a message to share about a powerful feature that you can harness by using Flaming Espinas weapons…

Before we get into that though, we’d like to say a HUGE welcome to all the new Hunters who joined us in the recent sale. Whether you’re stepping into Kamura for the first time, or taking a voyage over to Elgado Outpost with Fiorayne, we hope you’re having an awesome time – thank you for joining us.

Oh and for those new Hunters, if you’re looking for a helping hand, or simply want to get to Sunbreak as quickly as possible, check out our free, optional Black Belt S armour and Defender Weapon set:



Right then, it’s time to chat about that spicy new gear!




Three fearsome new monsters arrived with TU2 in the forms of Flaming Espinas, Violet Mizutsune and Risen Chameleos! 

They’ve brought the heat, and Hunters that rise to the challenge will reap the rewards! With hot new weapons in the case of Flaming Espinas and Violet Mizutsune, plus new armour sets, skills and decorations for all three monsters, you’re going to be keeping Minayle busy!





Flaming Espinas by name, Flaming Espinas by nature! Hunters that manage to take down this fiery monster will be able to start crafting its set of weapons and armour, channelling this monster’s unrelenting nature.

As with all other armour sets, there’s a range of skills available for you to utilise, but today we’ll be highlighting its unique new skill, “Intrepid Heart”, which can be found on Flaming Espinas’s Arms and Greaves.

Intrepid Heart is a skill with two levels that does the following:



At level one you’ll get the above effect, and with two levels you’ll reduce damage further and also release a damaging explosion when struck! 

If you’re looking for a rocksteady offence, this one’s for you! After all, they do say the best form of defence is attack…






Sliding in with a barrage of bubbles, Violet Mizutsune is ready to put a singe in the step of any Hunter who dare challenges it! 

After hunting this monster the crafting can begin as you embrace being the centre of attention for powerful buffs! 

That’s right, Violet Mizutsune’s set comes with the unique skill “Embolden”, which can be found on its chest, greaves and waist! 

Embolden is a skill with three levels that does the following:



For Hunters that relish being in the spotlight, this ones for you! And about the monsters you face being enraged more? These pieces also come with Agitator to really capitalise on the situation! 

If you’re looking for a powerful defensive and offensive boost when it matters the most, check out the Embolden skill and the Violet Mizutsune armour pieces it comes on!




Rising up to overcome the affliction, Risen Chameleos unleashes a toxic nightmare to any foolish, or brave enough to confront it.



This one’s for the Hunters who, much like Risen Chameleos, head into the hunt with hard hitting offensive status attacks at the forefront of their strategy! 

Equipping the Greaves, Chest or Arms of Risen Chameleos’s set will grant you the new skill “Buildup Boost”!

Buildup Boost is a skill with three levels that does the following: 



Oh yes, landing blows that build status effect will increase your attack power for that strike! We’ve enjoyed seeing the build crafting occurring within the community as they’ve sought to harness the true potential of this skill.

From what we’ve seen so far, it looks like a certain “Status Trigger” skill from Title Update 1’s Gold Rathian armour has some powerful synergy with Buildup Boost, so it might be worth getting hunting party together for a visit to the Illustrious Queen…

But remember Hunters, this is just one of many combinations! Have you been utilising Buildup Boost, or any of the other new skills that arrived in Title Update 2? Let us know how in the comments, we love reading about your favourite and ingenious new skill combos and sets.









That wraps up this week’s community post! Thanks for coming by and checking it out!
We hope you’re all having a great time with Free Title Update 2’s content, from the new monsters, armour and weapons, to the new Decorations, Qurious Crafting upgrades and Anomaly Investigation level cap increase! 

For those of you yet to reach MR10, fear not, after completing Sunbreak’s story you’ll be just a few hunts away from joining in on the expanding Sunbreak endgame too!

We’ll be back again soon with another community update, but in the meantime, happy hunting! 

See you in the hunt!

- The Monster Hunter Community Team",steam_event
7527cb8d-fe71-4a15-bd1c-5b1ab7f684e4,299bb953-253c-4b24-9182-727e49caf16a,MONSTER HUNTER RISE,Update 2022-09-29,null,2022-09-29,null,false,Regarding Demo Availability,"The Monster Hunter Rise: Sunbreak Demo has been temporarily taken down due to circumstances, but it is currently available for download again.

Date and time:
The demo is available again as of Title Update 2.

MONSTER HUNTER RISE: SUNBREAK DEMO
https://store.steampowered.com/app/1836450/

We apologize for any inconvenience this may have caused.",steam_event
8349e31f-1b83-493c-a72d-32d647f04521,299bb953-253c-4b24-9182-727e49caf16a,MONSTER HUNTER RISE,v12.0.0,null,2022-09-28,null,false,Title Update 2 (Ver.12.0.0.0),"A rare species and subspecies make their appearance, among others! Make sure you're suitably prepared!



New monsters, including Risen Chameleos!
New A6★ Anomaly Quest rank! Anomaly Investigations now go up to Lv. 120!


Elder dragons that have fully overcome the affliction caused by the Anomaly, creating a symbiotic relationship with the Qurio.
Their ""risen"" state poses an even greater danger than when they were still under the influence of the affliction.



Almost all weapons up to Free Title Update 2 (Ver.12) can be used as layered weapons!
Pick you favorite weapon design to spice up your hunting life!






Available every week! Complete Event Quests to gain special rewards!



A variety of DLC has been added, including the ""Lost Code"" layered weapon series (all 14 weapon types)!

https://store.steampowered.com/bundle/27801/
https://store.steampowered.com/bundle/27800/


https://store.steampowered.com/app/1446780/

https://store.steampowered.com/app/1880360/





Title Update Ver.12.0.0.0 includes the following additional updates. 








Patch Ver. 12.0.0.0 includes (1) content that requires purchase of Monster Hunter Rise: Sunbreak in order to access, and (2) content that only requires you to install the patch in order to access.
Every addition or update that requires the purchase of the Sunbreak expansion will be indicated in the list below.












https://www.monsterhunter.com/rise-sunbreak/update/en-us/ver12_00_00.html




We look forward to your continued support!",steam_event
dbb9212e-b782-4d00-8d71-0d5031658d40,299bb953-253c-4b24-9182-727e49caf16a,MONSTER HUNTER RISE,Update 2022-09-28,null,2022-09-28,null,false,Monster Hunter Rise: Sunbreak Soundtrack now available!,"https://store.steampowered.com/app/2137940/
This soundtrack contains the theme of Malzeno, the flagship monster of Monster Hunter Rise: Sunbreak, the theme of returning monster Gore Magala, and many other exciting songs from Monster Hunter Rise: Sunbreak!
Make sure to check out these new hunting songs!


https://store.steampowered.com/app/2140730/
We have also released Monster Hunter Rise Extra Tracks II!
This soundtrack contains 24 songs, ranging from classic Monster Hunter series music like ""Pokke Village Theme"" and ""The Hunters' Secret Spring,"" which appeared in Monster Hunter Rise as additional BGM, to arranged versions of original songs from Monster Hunter Rise, such as ""Kamura's Song of Purification"" and ""Barbarous Beast - Magnamalo.""
Don't miss out on this fantastic collection of MH music!




https://store.steampowered.com/app/1868940/


https://store.steampowered.com/app/1868950/

Each soundtrack comes with MP3 (V0 bitrate), FLAC (16-bit), and AAC (Variable bitrate) music files.
Ownership of the base Monster Hunter Rise game is not required to purchase these soundtracks.

Head over to our curated list of Capcom Original Soundtracks on Steam to see a full list of both classics and new releases on offer.",steam_event
dfa30de7-52e8-4920-b8a0-d7a2a5248ce0,299bb953-253c-4b24-9182-727e49caf16a,MONSTER HUNTER RISE,Update 2022-09-15,null,2022-09-15,null,false,Title Update 2 Trailer,"A rare species and subspecies make their appearance, among others!
Make sure you're suitably prepared!



Violet Mizutsune are leviathans known for their beautiful lilac-colored fur.
They use the fluid they secrete to slide around, targeting their prey with gas-filled bubbles. Though they appear graceful creatures, the facade quickly fades as they envelop themselves in pale flames and bathe their surroundings in a beautiful, but deadly,inferno of white-hot flame.




An Espinas subspecies with a slightly more muted body color.
The boldness of the standard Espinas remains: run-of-the-mill attacks won't rouse Flaming Espinas from their slumber. Their breath attack contains a powerful poison, and a dense acid that deteriorates armor.
Take this attack head-on, and you won't stand a chance...




Risen Chameleos are elder dragons that have found a way to overcome their affliction. By suppressing the Qurio virus, they have gained great strength and new abilities. They now boast superior poison and physicality, sending you off into a toxic nightmare if you lose sight of them.




New monsters, including Risen Chameleos!
New A6★ Anomaly Quest rank! Anomaly Investigations now go up to Lv. 120!


Elder dragons that have fully overcome the affliction caused by the Anomaly, creating a symbiotic relationship with the Qurio.
Their ""risen"" state poses an even greater danger than when they were still under the influence of the affliction.




Almost all weapons up to Free Title Update 2 (Ver.12) can be used as layered weapons!
Pick you favorite weapon design to spice up your hunting life!




A variety of DLC has been added, including the ""Lost Code"" layered weapon series (all 14 weapon types)!






Available every week! Complete Event Quests to gain special rewards!",steam_event
6ea3b411-361a-49fe-aa88-e10dc82b7a13,299bb953-253c-4b24-9182-727e49caf16a,MONSTER HUNTER RISE,Update 2022-09-09,null,2022-09-09,null,false,Kamura Hunter's Hub #14 - Event Quest Recap & Tokyo Game Show Approaches!,"Hey Hunters, 

Welcome to Kamura Hunter’s Hub #14!

A lot has happened since our last post, with the arrival of Title Update 1 and its expansive endgame content additions you’ve certainly been busy hunting!

From new monsters to Anomaly Investigations and Qurious Crafting, we hope you’ve been having a ton of fun taking on the new challenges and reaping the rewards to further upgrade your gear!

It’s been really cool seeing how the new armours introduced in Title Update 1 have been weaved into your existing sets too, those new armour skills seem to be going down well – we see you Status Trigger enjoyers! (to name just one!)

On that note of new content, let’s take a little look back at the first month of Event Quests and a look forward at what’s coming to Sunbreak in the near future… 




At the timing of this post, the first four weekly Sunbreak Event Quests are live and ready for you to take on! Just swing by Senri the Mailman in Kamura Village, or the Courier in Elgado Outpost to unlock these free quests!

Event Quests offer something a little different to existing quests, with new challenges and monster combinations, as well as sweet new rewards that include new poses, gestures and layered armour!

Let’s take a look at what’s available for you to play and unlock right now: 



We kicked things off after Title Update 1’s arrival with “A Grand Gesture”, tasking you to take down a Blood Orange Bishaten and Aknosom to unlock the “It’s Over!” gestures. 






Things got furious in the second Event Quest as we introduced a new quest format, Dual Threat! 

And what better way to ease you in than to throw you into an arena with two Furious Rajang who are very  to see you.



Hunters who best these beasts earn the right to wear the Qurio Crown, a new layered armour exclusive to this quest! 


(Yes, you can change the colour of the whole crown to whatever your fashion desires!) 


 

There was electric in the air for the third Event Quest, with Hunters facing off against an Astalos for the right to rock some Frontier fashion with the Lien layered armour set!


Wear the full set, or mix and match as you please! 




The latest Event Quest presents you with some “Minor Inconveniences” in the form of Garangolm and Aurora Somnacanth, who stand between you and the Delightful Post Set!


Talk about a frosty reception!


The Delightful Pose Set, guaranteed to put a smile on your face! 




We hope you’ve been enjoying what the first batch of Event Quests have offered you! Naturally, this is just the start and there’s plenty more on the way each week, so make sure to say hi to Senri and the Courier on a regular basis.




Join us on Thursday, September 15th at 23:00 JST / 15:00 BST / 16:00 CEST / 07:00 PDT for the TGS2022 Capcom Online Program!

Don’t miss out as Sunbreak will be part of the program and include exciting new information on Title Update 2, so stay tuned to be among the first to find out what awaits you in late September… 



We’ll be broadcasting the event live across our social media channels, including the official . 




Talking of Title Update 2, Director Suzuki stopped by recently with a sneak peek at some more quality-of-life additions coming as part of the update…










That wraps up this week’s community post! Thanks, as always for taking the time to check it out!

To the Hunters that’ll be watching along with us at the TGS Capcom Online Program, see you there! 

We’ll be back again soon with another community update, but in the meantime, happy hunting!

See you in the hunt!

- The Monster Hunter Community Team",steam_event
0d36c82a-38e4-4234-b5c9-cd482037f71d,299bb953-253c-4b24-9182-727e49caf16a,MONSTER HUNTER RISE,v11.0.2,null,2022-08-26,null,false,Notification of Patch Ver.11.0.2.0,"We have released patch  to address the following issue:




- Fixed an error that occasionally occurred if you register an equipment loadout containing a weapon with a Rampage Decoration, rollback the upgrade for that weapon, and then try to select that particular equipment loadout again.

- Fixed an issue occasionally affecting the results of augmenting armor when performing specific steps while augmenting a weapon.

- When changing the target in the search settings for Anomaly Investigations, the minimum level value will no longer be updated if the target is within the range of adjustable conditions.


- Fixed an issue causing players to obtain Anomaly Investigations as ""unauthorized quests"" if they join another player's Anomaly Investigation for a monster they haven't unlocked yet.

- Fixed an error that occasionally occurred when harvesting during an Anomaly Investigation.

- Fixed an issue preventing Anomaly Investigations joined by multiple players in the same lobby from showing up in the search results for Join Requests.

- Other miscellaneous bug fixes have been made.


Notice
- Monster Hunter Rise does not allow for matchmaking between different versions of the game. If you update the game, you will no longer be able to matchmake with players who haven't applied the patch yet.
You can check your current version on the bottom right of the title screen.

The Steam version does not support cross saves or crossplay with other platforms.

For further information, please refer to our support website:
https://www.capcom.co.jp/support/faq/full_platform_pc_monsterhunter_rise.html",steam_event
7919bca0-4c4b-43a6-afb8-2dc1d457e0fa,299bb953-253c-4b24-9182-727e49caf16a,MONSTER HUNTER RISE,Update 2022-08-25,null,2022-08-25,null,false,"Free Title Update 2, releasing at the end of September, adds Flaming Espinas!","Apart from Flaming Espinas, Free Title Update 2 also adds several rare species and powered-up monsters!

Keep on the lookout for more info!",steam_event
af32300d-7a55-4f8e-8ce8-ab9c4bb75593,299bb953-253c-4b24-9182-727e49caf16a,MONSTER HUNTER RISE,Update 2022-08-18,null,2022-08-18,null,false,Event Quests have returned in Sunbreak!,"Hey Hunters,

Just dropping you a message to let you know that Event Quests have returned and will be going live again on a weekly basis starting today!

For those of you unfamiliar with Event Quests, fear not, we’ve got you covered. Event Quests are optional free Quests that are added to the game on a regular, weekly basis. The base version of Monster Hunter Rise has loads of these already that offer a range of challenges with cool rewards such as stickers and layered gear. There’s even collaboration Event Quests with the likes of Street Fighter, Okami, Sonic the Hedgehog and more!



All Event Quests, both historical and new, can be grabbed from either Senri the Mailman in Kamura Village, or the Courier at Elgado Outpost!




As mentioned, starting today Event Quests are back! Every Thursday (or Wednesday if you’re in North America, for example) you’ll be able to take on a new Event Quest to earn useful and, in some cases, unique rewards!

With Event Quests we seek to provide something a little different to existing quests, with new challenges and monster combinations to put your Master Rank hunting skills to the test, like the “Dual Threat” quests that were mentioned in the August Digital Event – so we hope you have a lot of fun with them! 



To get things started we’re starting with “A Grand Gesture”, literally! 



In this quest you’ll be tasked with hunting both a Blood Orange Bishaten and an Aknosom in the Shrine Ruins! 

This one’s open too all Hunters MR1 or higher, so as long as you’ve arrived in Elgado you’ll be good to go!

Hunters that complete this quest will get themselves a special gesture too, “It’s Over!”.





That wraps up our quick post on Event Quests! 

This is just the start of Sunbreak’s Master Rank Event Quests, so get ready for some sweet new challenges and even sweeter rewards over the coming weeks…



See you in the hunt!

- The Monster Hunter Community Team",steam_event
f6dd72e2-9107-4519-95e9-cc2396e12e35,299bb953-253c-4b24-9182-727e49caf16a,MONSTER HUNTER RISE,Update 2022-08-10,null,2022-08-10,null,false,Notice Regarding the Availability of the Demo,"If you've already downloaded the demo, you'll be able to keep playing it.



We apologize for any inconvenience this may cause.
Thank you for your patience and understanding.",steam_event
df7bbf60-39bc-4f26-bf7d-8274232521e7,299bb953-253c-4b24-9182-727e49caf16a,MONSTER HUNTER RISE,v11.0.1,null,2022-08-09,null,false,Title Update 1 (Ver.11.0.1.0) is Now Available!,"Rare species and variant monsters make their appearance. Make sure you're suitably prepared!



Added the ""Forlorn Arena,"" a dangerous locale with rare monsters.



Slay afflicted monsters in quests with randomly determined conditions!



New Event Quests are coming from August 18 and onward!



More paid DLC is coming from August 10 and onward!

https://store.steampowered.com/bundle/27066/


https://store.steampowered.com/app/1446780/

https://store.steampowered.com/app/1880360/



Title Update Ver. 11.0.1.0 includes the following additional updates. 
For complete details about this patch, check the official website:
https://www.monsterhunter.com/rise-sunbreak/en-us/topics/update11/




 

(only this update)


Patch Ver. 11.0.1.0 includes (1) content that requires purchase of Monster Hunter Rise: Sunbreak in order to access, and (2) content that only requires you to install the patch in order to access.
Every addition or update that requires the purchase of the Sunbreak expansion will be indicated in the list below.
If an item has the ★ symbol next it, that means you can only access this content with purchase of the expansion. 





★ New monsters have been added and will appear in Gathering Hub quests.
★ New afflicted monsters have been added to the game.
★ New quests have been added.
★ A new quest system, Anomaly Investigations, has been added. Anomaly investigations will become available after completing the main story and progressing further in the game.
★ A new locale has been added: Forlorn Arena.
★ New weapons, armor, layered equipment, and skills have been added.
★ New facility added related to the Anomaly Investigations.
★ Qurious Crafting is now available as a new feature at the Smithy.


★ New Guild Card pages, awards, and titles have been added.
★ Two new speech timings have been added to Auto Shoutouts: ""When the monster is pacified"" and ""When the monster is delirious"".
– You can now select a Badge of Heroes which will display next to your Hunter's name.
– A new option has been added: ""Hunter Connect Invite Settings"".


★ New Steam achievements have been added.
　 These achievements can be unlocked by obtaining the Guild Card medals added in Ver.10.0.2.0.
　 Achievements for new medals added in Ver.11.0.1.0 will be available in the next update, Free Title Update 2.
– Detailed body hair on characters and monsters is now properly displayed when the anti-aliasing is turned off or set to ""FXAA.""
   This also ensures body hair is properly displayed when NVIDIA DLSS is enabled.

For complete details about this patch, check the official website:
https://www.monsterhunter.com/rise-sunbreak/update/en-us/ver11_00_01.html



Notice
- Monster Hunter Rise does not allow for matchmaking between different versions of the game. If you update the game, you will no longer be able to matchmake with players who haven't applied the patch yet.
You can check your current version on the bottom right of the title screen.

The Steam version does not support cross saves or crossplay with other platforms.

For further information, please refer to our support website:
https://www.capcom.co.jp/support/faq/full_platform_pc_monsterhunter_rise.html

We look forward to your continued support!",steam_event
a3f7d2c7-588b-435d-bae7-216a83dc0929,299bb953-253c-4b24-9182-727e49caf16a,MONSTER HUNTER RISE,Update 2022-08-09,null,2022-08-09,null,false,Title Update 1 Digital Event – New Content Overview!,"Hey Hunters,

Today we presented our latest Sunbreak Digital Event, hosted by Monster Hunter Series Producer Ryozo Tsujimoto and Sunbreak Game Director Yoshitake Suzuki, that delved into the exciting new endgame content coming as part of the free Title Update 1!

The best bit? Title Update 1 will be available on Steam from August 10th! That’s right, you’ll be able to dive into all this new content from tomorrow (or right now if you’re reading this after the date)!

For those that didn’t catch the Digital Event live, we thought we’d share an overview of what was discussed, as well as the new update trailer. If you’d like to watch the Digital Event in full, which sits at a little over 15 minutes, we’ll share a link at the end of the post.

Now, let’s get stuck in with the new trailer:  





As you can see, there’s lots of new content coming to Sunbreak, from new monsters and gear to the expansion of the endgame with more Anomaly Quests, the new Anomaly Investigation feature and Qurious crafting! 

We’ll be touching on those below to give you an idea of what you can expect, so grab your dango and get comfy…

 



That’s right, we’ve got four new monsters for you to hunt as part of Title Update 1! 

Many of you will be aware of Lucent Nargacuga and Seething Bazelguese, but they’re also joined by Gold Rathian and Silver Rathalos, who are more than ready to turn up the heat! 



Lucent Nargacuga is a Rare Species of Nargacuga that was last seen in Monster Hunter 3 Ultimate back in 2013!

This Flying Wyvern has the ability to use its bright white fur to refract moonlight, allowing it to become invisible. Think Chameleos, but much more agile! We suggest keeping a lookout for the red glow of Lucent Nargacuga’s eyes… 



Oh and watchout for this monster’s vicious poison attacks too!

You’ll be taking on Lucent Nargacuga in its home territory, the Forlorn Arena, a returning locale that’s been carefully recreated to preserve and further enhance the foreboding and mysterious ambience of this area…






Seething Bazelguese is a Variant of Bazelguese with a twist, its explosive scales are constantly active, making it much more dangerous than its base version.  



Not only that, but it can go into an even more powerful state where it literally seethes with rage where it’ll shower the area with critically volatile scales.

Keep on moving and keep a Wirebug handy, just in case! 




Two more Rare Species have arrived in the form of Gold Rathian and Silver Rathalos! 

They can go into a powerful Incandescent state where they’ll attack with even more ferocity, raining blue fire down on all that dare challenge them. 



The team have also given them both some new moves for Sunbreak, so if you thought you knew them from hunting them in Iceborne, a whole new challenge awaits you!  






That’s right, all these new monster additions bring with them new armour and weapons for you to craft and wield in the hunt! All of the armour sets that you can forge from materials of the monsters added in Title Update 1 also come with new skills as well, so we hope you have fun trying them out!

Get a closer look at a couple of the sets below: 


Embrace the moonlight with Lucent Nargacuga’s gear!


Become truly incandescent with Golden Rathian’s gear!




Starting with Title Update 1, the afflicted monster gameplay endgame is greatly expanding! 

Hunters will be able to take on A5⭐ Anomaly Quests, bringing with them new afflicted monsters to face: 





A5⭐ monsters are unlocked through a new mechanic called Anomaly Investigations. That’s right, Investigations are back! Let’s delve into the details of how this quest system works in Sunbreak…


 

The biggest new addition to Title Update 1 are Anomaly Investigations. Whilst there are some similarities between Investigations in Iceborne, there’s some exciting changes that we’ll go through now. 



All Anomaly Investigations have a set level. As the levels increase, the monsters will become gradually stronger and the rewards you can earn will change! 

The quest conditions, such as the target monster, locale and maximum player count are all decided at random too!

Successfully completing these investigations will open new upgrade options for your weapons and armour, so these quests are well worth exploring!

About those weapon and armour upgrades, it’s time to introduce… 




The materials you earn from the new Anomaly Investigations can be used to add newly introduced upgrades to your equipment, yep that includes both weapons and armour!



Let’s take a look at weapon’s first:  



With Qurious Weapon crafting you can select the kinds of upgrades you want to best suit your preferred playstyle!

Using Malzeno’s Greatsword as an example, you’ll be able to upgrade your preferred stats:

There is a limit though, so choose carefully! 



If you’d like to focus on one or two upgrades in particular, you can choose to further increase their level and effectiveness at the cost of more slots being used up.

This opens up a lot of new options for your weapons, we can’t wait to see what you come up with! 




As mentioned, you’ll also be able to further upgrade your favourite armour sets and pieces! 



Armour can be upgraded with random improvements including defence, resistance and even skill points! If you don’t like a proposed upgrade, you can choose to ignore it if you want, so you still have control on what gets applied! 






Bahari the Scientist has opened his Anomaly Research Lab!  



The Anomaly Research Lab allows you to exchange the items you’ve gained from Anomaly Investigations for items that are useful in Qurious Crafting, so it’ll be well worth your time paying Bahari a visit!

We’re pleased to share that the quest ranks, as well as the monsters that appear for Anomaly Quests, as well as the level cap for Anomaly Investigations will continue to expand and grow with each new Title Update, so get ready Hunters! 




You read that correctly, Event Quests return from August 18th! This means new Event Quests every week, with a variety of fun conditions and challenges for you to enjoy. 


No monkeying around here! 

As part of Sunbreak’s Event Quests we’ll be introducing extra challenging quests called “Dual Threats”. In Dual Threat quests you’ll have to hunt two monsters at the same time, such as Gold Rathian and Silver Rathalos.


Can you take down the ultimate power couple?  



Of course, with new Event Quests comes sweet new rewards for you to earn!

We’ve grabbed an example of just one of the many upcoming rewards below: 


Well, some do say that fashion game is the true endgame! 




If you liked what you say in today’s post and are yet to start your Monster Hunter Rise: Sunbreak adventure, you can currently pick up the base version of Monster Hunter Rise at a 49% discount until August 16th! 

https://store.steampowered.com/app/1446780/MONSTER_HUNTER_RISE/

Upon completing the 7* Gathering Hub Quest “Serpent Goddess of Thunder” you’ll be ready to upgrade to the Sunbreak massive expansion content, including what we detailed today!




That wraps up today’s Digital Event and Title Update 1 Recap post!

If you liked what you saw, or are keen to learn even more about Title Update 1, it’s definitely worth watching the Digital Event in full where Ryozo Tsujimoto and Sunbreak Game Director Yoshitake Suzuki take you through the finer details with new gameplay footage.

Check it out here:


Thanks everyone, we hope you have a fantastic time with Title Update 1!

See you in the hunt. 

- Monster Hunter Community Team",steam_event
9c979ffe-6cb0-487e-8ded-e807f7636d12,299bb953-253c-4b24-9182-727e49caf16a,MONSTER HUNTER RISE,Update 2022-08-04,null,2022-08-04,null,false,"Monster Hunter Rise: Sunbreak Digital Event August 9, 2022","Tune in to the Monster Hunter Rise: Sunbreak Digital Event for new info on ,
including a look at , , ...

Presented by Monster Hunter Producer Ryozo Tsujimoto and Game Director Yoshitake Suzuki.











We are planning multiple, free post-release title updates for Monster Hunter Rise: Sunbreak.

Title Update 1 will introduce a new locale known as the ""Forlorn Arena,"" as well as rare species such as Lucent Nargacuga and Seething Bazelgeuse, among others.

Future title updates are also in the works: Title Update 2 coming in fall 2022,
Title Update 3 coming in winter 2022, with the possibility of further updates going into 2023.

There are still more monsters we have yet to announce, so watch out for future announcements!





https://store.steampowered.com/app/1446780/

https://store.steampowered.com/app/1880360/",steam_event
e7968f32-1bb3-41d1-8a28-73dc9ebd2ef4,299bb953-253c-4b24-9182-727e49caf16a,MONSTER HUNTER RISE,Update 2022-08-03,null,2022-08-03,null,false,A Message From Director Suzuki – Qurious Crafting: Weapon Upgrades!,"Hey Hunters,

We hope the week’s treating you well and your hunts are successful!

Following our  that revealed new armour upgrades coming to Sunbreak with the new Qurious Crafting mechanic, dropping as part of Title Update 1, we’re pleased to share that Director Suzuki is back with more exciting news, this time around weapons.

Let’s see what he had to say…




Oh yes, Qurious Crafting will not only allow you to further upgrade your armour, but your weapons too!

We hope you enjoy the new possibilities this opens up for you as you craft and finetune your favourite sets and builds.

As Director Suzuki also mentioned, we’ll be revealing the details for Title Update 1 soon, so you won’t have to wait long to find out more!

What weapons will you upgrade first? What do you think of today’s news? Let us know in the comments section!

Thanks everyone! See you in the hunt!

- Monster Hunter Community Team",steam_event
48c2cb1f-d84d-4a5f-ae36-9e7bb43ed839,299bb953-253c-4b24-9182-727e49caf16a,MONSTER HUNTER RISE,Update 2022-07-21,null,2022-07-21,null,false,Kamura Hunter's Hub #13 – Sunbreak Launch and looking ahead to Title Update 1!,"Hey Hunters,

Welcome to Kamura Hunter’s Hub #13! 

A lot has happened since our last post, and that’s putting it lightly! Sunbreak has launched and you’ve joined us on a new adventure to save the Kingdom.

You’ve boldly charged into Master Rank to save the Kingdom and we’ve loved hearing about your hunts and seeing all the new armour and weapon combos you’ve been crafting and wielding. 

Thank you all so much for your amazing support of Sunbreak’s launch, you rock even more than a Basirios!  






Now Hunters, Sunbreak may have launched but your adventures in the Kingdom have only just begun. 

In this week’s post we’ll be having a look at launch, sharing some words from Sunbreak’s Director, Yoshitake Suzuki, as well as peering into the near future at Title Update 1 and beyond!



Throughout launch week and beyond, the team have been eagerly collating your thoughts and feedback, investigating any issues that reared their heads and reading about your epic hunts and gear crafting plans.

It’s been truly humbling hearing about your enjoyment of Sunbreak, from Master Rank to new monsters, new gear and skills, we’re so pleased to be sharing this new journey with you.

We also want to take a moment to say thank you to those who reported any issues they ran into, this allowed the team to quickly investigate them and fix some early issues that arose. The team are remaining vigilant, so if you encounter any bugs, please post them in the  sub-forum so they’ll be seen.

Now, before we look to what the near future holds, Sunbreak Director Suzuki has a message for you!

 

 

- Suzuki, Sunbreak Director




As mentioned earlier, your adventures in Sunbreak have only just begun! The team are keenly working on a number of free Title Updates, starting this August, that will add even more exciting content to the game.

Check out what’s just ahead with our Sunbreak Roadmap preview below:



Keep your whetstones and ammo handy, you’re going to be busy!

As you can see, our first Title Update, arriving in August, is bringing with it a host of new content, from a new locale: the Forlorn Arena, to the explosive Seething Bazelgeuse and elusive Lucent Nargacuga, plus even more that’s yet to be revealed! 

We’ll be sharing more information on Title Update 1, including when you’ll be able to play it, on the lead up to its launch. Watch this space Hunters!






As Director Suzuki mentioned, support for Sunbreak has been amazing and the expansion as already sold over 3 million copies globally!

To celebrate this milestone, the team have put together and released 3 free item packs that you can grab from Senri the Mailman, or Elgado’s Courier if you haven’t already.

This item packs include some powerful items to aid you both in and out of the hunt, so make sure to grab them!










Elgado Outpost awaits you now that Monster Hunter Rise: Sunbreak has launched! 
Take on the Three Lords, Master Rank and a whole host of fearsome new foes that the Kingdom has to offer: 
https://store.steampowered.com/app/1880360/Monster_Hunter_Rise_Sunbreak/




That wraps up this week’s community post! Thanks, as always for taking the time to check it out!

Whether you’re unravelling the mystery of Mazleno to save the kingdom, or currently diving into Sunbreak’s endgame as you work to perfect your new builds, we hope you’re all having an awesome time!

We’ll be back again soon with another community update, but in the meantime, happy hunting!
See you in the hunt!

- The Monster Hunter Community Team",steam_event
ae299109-aad7-4a3f-805c-1970845b0a56,299bb953-253c-4b24-9182-727e49caf16a,MONSTER HUNTER RISE,Update 2022-07-20,null,2022-07-20,null,false,A Message from Director Suzuki – Introducing Qurious Crafting!,"Hey Hunters,

We hope you’re all having a great week and the mantles are flowing! 

Ahead of this week’s Kamura Hunter’s Hub community post, which is dropping tomorrow, we wanted to share some exciting information about Title Update 1, straight from Sunbreak Director Suzuki!

Now, let’s take a look at the brand new details that Director Suzuki shared with the community earlier today:  




That’s right, you’ll be able to further upgrade your armour as part of Title Update 1! Your Hunter, your skills style! 

That wraps up today’s surprise post! We just couldn’t wait another day to share it with our PC Hunters!
We’ll be back tomorrow with the latest Kamura Hunter’s Hub, until then, let us know what you think of today’s news in the comment section!

See you in the hunt!

- Monster Hunter Community Team",steam_event
20302640-7ba6-450c-b09f-3aab4cdea9b1,299bb953-253c-4b24-9182-727e49caf16a,MONSTER HUNTER RISE,v10.0.3,null,2022-07-08,null,false,Notification of Patch Ver.10.0.3.0,"We have released patch  to address the following issue:




– Fixed a bug causing your Palico's Support Moves to change randomly when teaching them certain Secret Support Moves.

– Fixed a bug preventing a reload rating lowered by 2 levels from recovering, if you remove the Elemental Reload Switch Skill after performing a specific set of actions with the light bowgun.
(We've also confirmed a bug in the reload display under Equipment Info, and this will be addressed in a future update.)


– Fixed a bug causing the game to shut down when performing a specific string of attacks using the insect glaive's Kinsect Bonus: Boosted Powder Extract on Rakna-Kadaki or Pyre Rakna-Kadaki.


– Fixed a bug in dialogue with the Buddy Scout regarding newly added Buddy Skills that was aimed at all players, instead of only affected players.


– For A1★ and A2★ quests, the health for all monsters and the attack power of some monsters has been adjusted.


– Fixed a bug causing the player to temporarily lose the right to play Monster Hunter Rise: Sunbreak when purchasing or activating DLC during gameplay.



Notice
- Monster Hunter Rise does not allow for matchmaking between different versions of the game. If you update the game, you will no longer be able to matchmake with players who haven't applied the patch yet.
You can check your current version on the bottom right of the title screen.

The Steam version does not support cross saves or crossplay with other platforms.

For further information, please refer to our support website:
https://www.capcom.co.jp/support/faq/full_platform_pc_monsterhunter_rise.html",steam_event
96912257-bc65-49c0-b886-64ac551852f4,299bb953-253c-4b24-9182-727e49caf16a,MONSTER HUNTER RISE,Update 2022-07-01,null,2022-07-01,null,false,Troubleshooting,"We've put up a troubleshooting guide.
Please consult this guide if you are experiencing any issues with the demo or the full game.

Please ensure you've followed the steps below to rule out problems with your PC, Steam, or the game’s files.

1. Check the game’s system requirements
2. Add the game’s folder and files to your anti-virus program’s exception / exclusion list
3. Give administrator privileges to Steam and the game
4. Update your Video/Graphics Drivers and Windows Operating System
5. Check your graphics driver settings & computer power settings
6. Update DirectX
7. Update your Windows Media Player codecs
8. Verify the game’s cache in Steam

Click the URL below for more information on the required steps (English only):",steam_event
03a69642-2a29-451f-9f76-9a80131280fd,299bb953-253c-4b24-9182-727e49caf16a,MONSTER HUNTER RISE,v10.0.2,null,2022-06-29,null,false,*Addendum*Loss of the right to play Sunbreak when buying DLC during gameplay,"We have released patch  to address this issue.

We apologize for any inconvenience this may have caused.







1. If you buy DLC on the Steam Store during gameplay in Ver.10.0.2.0, a message will appear that states  taking you back to the title screen.

*It may be difficult to select Yes or No when this happens.

2. You may temporarily lose your right to play Monster Hunter Rise: Sunbreak, even if you've already purchased it.
(You may temporarily not be able to use your previous save data containing the added elements that require the right to play Monster Hunter Rise: Sunbreak.)



The issue can be solved by rebooting the game.



We apologize for the inconvenience, but please make sure that you are not playing the game when purchasing DLC on the Steam Store.


We are currently working on a fix to address this issue.
As soon as we've made progress, we will send out another notice, so please wait for further information.

We apologize for any inconvenience this may cause.",steam_event
0ca0fc40-09f5-4e33-adb0-cb7f352149cf,299bb953-253c-4b24-9182-727e49caf16a,MONSTER HUNTER RISE,Update 2022-06-24,null,2022-06-24,null,false,Kamura Hunter’s Hub #12 – Sunbreak Reveals from the Capcom Showcase!,"Hey Hunters,

Welcome to Kamura Hunter’s Hub #12!

This week we’ve got some very exciting Sunbreak news and reveals, courtesy of the recent Capcom Showcase event. So for those of you looking to keep as spoiler free as possible ahead of launch next week, this is your SPOILER WARNING!

Now, let’s take a look at some of the fearsome monsters that await you on June 30th…




Ready Hunters? Prepare to venture into a lush locale, the Jungle, as your quest to save the Kingdom brings you face to face with dangerous new monsters…








The Jungle, a paradise for the wide range of monsters and plant life that inhabit it. Prepare to explore and hunt your way through lush, tree-laden greenery, sweeping beaches that lead to relaxing waterside areas.





As you delve deeper into the Jungle and its secrets, you’ll find yourself in expansive subterranean caverns and what lurks within them…





If you’re keen to explore the Jungle ahead of launch, make sure to check out the  that’s available to play for free right now!




Along with a new locale, 5 new monsters were also revealed!





This will be the first time many of you will go face to face with this returning monster from Monster Hunter Frontier!

Espinas is a flying wyvern known for the red spikes that cover their tough green hide, which double up as both an offensive and defensive tool.

Due to their stalwart defence they’re using found relaxing in their territory, however upon sensing danger they expand their blood vessels, turning their hide and wing membranes a bright red before running riot with full brutality.

Be warned! Do your best to avoid being hit by Espinas’s venomous fireballs, yes, you read that correctly.






The Black Eclipse wyvern, Gore Magala, returns in Sunbreak!

It may lack visual receptors but makes up for it with heightened senses that are attuned to the scales it scatters from its wings. Once a lifeform is detected Gore Magala will lash out without remorse.

At the peak of their senses, purple feelers will extend from their head, their wings will unfurl and they’ll become frenzied, unleashing devastating attacks that can rupture the very ground.

Will you overcome the frenzy?






Can you overcome the massive claws of Daiymo Hermitaur? Equally powerful when used for attacking or defensive purposes, you’ll need to fight strategically to find a safe opening against this large Carapaceon! 

Be wary of the wyvern skulls they wear as shells on their backs too. These not only provide a high level of protection for Daiymo Hermitaurs, but can also be used for attacking their prey…






A subspecies of Rakna-Kadaki, Pyre Rakna-Kataki is an explosive fight, blasting Hunters with the volatile material that fills their bodies. Covered in a explosion-resistant webbing, they can strike together their forelimbs like flints to induce explosions – so watch out for surprise area of effect attacks!

They also have an advanced chain of command over their offspring, allowing them to expand the reach of their explosions with ease.






We bet you didn’t see this one coming!

Lucent Nargacuga will leap into Sunbreak as part of Title Update 1 after launch. Elgado Outpost’s researchers are still investigating this rare species of Flying Wyvern, but initial findings suggest that this monster is incredibly effective at camouflaging itself…


That wraps up our quick overview of the latest Sunbreak monsters to be revealed! There’s even more to discover as part of the trailer, but we’ll let you discover those!




Elgado Outpost awaits you when Monster Hunter Rise: Sunbreak launches on June 30th! 

Prepare to take on the Three Lords and everything this mysteriously land has to offer by pre-purchasing here: 

https://store.steampowered.com/app/1880360/Monster_Hunter_Rise_Sunbreak/

Hunters who pre-purchase will also receive:  




Note: Layered armour is a ""skin"" which changes the appearance of the character without affecting their stats and abilities.




That wraps up this week’s community post! Thanks as always for taking the time to check it out!

We’re so close to launch now, with less than a week to go! The team are so excited for you to discover a new land full of monsters as you arrive at Elgado Outpost from the 30th. 

Thank you all so much for your support so far, we look forward to hearing about your new adventures in Sunbreak soon.

Oh, and one last thing before we go, if you can’t wait until the 30th, check out the free Sunbreak demo , where you’ll be able to try out the new Switch Skill Swap and Swap Evade mechanics, as well as challenging new monsters Astalos and Malzeno!

We’ll see you in the hunt!

- The Monster Hunter Community Team",steam_event
109bdd67-67bb-4376-9c52-14c6e054db9d,299bb953-253c-4b24-9182-727e49caf16a,MONSTER HUNTER RISE,Update 2022-06-15,null,2022-06-15,null,false,The Monster Hunter Rise: Sunbreak Demo is finally here! There's a sale too!,"https://store.steampowered.com/app/1836450


Get a taste of the single-player and multiplayer action of Monster Hunter Rise and its massive expansion Monster Hunter Rise: Sunbreak in this demo, which includes seven quests, from training quests where you can learn how to use each weapon to a series of monster hunting quests at different difficulty levels.

Note: The content of this demo may differ in some respects from the full game.




- Slay a Great Izuchi (Beginner)
- Slay a Tetranadon (Intermediate)
- Slay an Astalos (Expert)
- Slay Malzeno (Advanced)


- Basic Training Quest
- Wyvern Riding Training Quest
- Switch Skill Swap Training Quest










https://store.steampowered.com/app/1880360



- Loyal Dog Costume (Palamute Layered Armor)
- Striped Cat Costume (Palico Layered Armor)

These bonuses are available to users who pre-purchase the game before 03:59 UTC on June 30, 2022.
They may be made available separately at a later date.
Layered armor only changes your characters' appearance.




You need the main game of Monster Hunter Rise in order to play Monster Hunter Rise: Sunbreak.
You need to complete the 7★ Hub Quest """"Serpent Goddess of Thunder"""" in Monster Hunter Rise in order to access the newly added features of Monster Hunter Rise: Sunbreak.""





https://store.steampowered.com/app/1446780/


https://store.steampowered.com/app/1277400/


https://store.steampowered.com/app/582010/


https://store.steampowered.com/app/1118010/




Note:
This game does not support cross-play or cross-saves with other platforms.

We look forward to your continued support of Capcom and the Monster Hunter series.

For any questions, please visit our support website:
https://www.capcom.co.jp/support/contact/""",steam_event
18ef9dbd-edde-4333-9aaf-73698f67e559,299bb953-253c-4b24-9182-727e49caf16a,MONSTER HUNTER RISE,Update 2022-05-27,null,2022-05-27,null,false,Kamura Hunter’s Hub #11 – Sunbreak: New Weapon Actions!,"Hey Hunters,

Welcome to Kamura Hunter’s Hub #11!

Since our last post, we’ve been revealing brand new weapon actions coming to Sunbreak over on the Monster Hunter social channels. We’d seen some of you chatting about it and discussing the reveals here in General Discussions, so we thought hey, now all 14 weapons have had their reveals lets share all that goodness for our Steam Hunters! 

In today’s post we’ll be detailing four of the weapons and linking to the other ten so you can see them all in action! After the weapons we’ll also be showing you how Sunbreak is building upon Rise’s Dango mechanics to give you even more choice when going into a hunt…




As previously mentioned in , you’ll be able to unlock new Switch Skills and Silkbind Attacks for all 14 weapons and utilise them using the new “Switch Skill Swap” mechanic. 

As for the new skills themselves, let’s take a look at what you’ll be using in the hunt!



Switch up your style with new Switch Axe moves, including a powerful new counter-attack!





Unleash a decisive counter-attack just as a monster strikes to perform a Power Finisher, immediately energising your Switch Axe into an Amped State!



An impressive combo that follows your Axe: Wild Swing.
During this combo, the power of Sword Mode attacks increase and Axe Mode attacks fill the Switch Gauge faster.




Become an unrelenting force with new Great Sword silkbind combos!





Reinforce both your arms and weapon with Ironsilk to temporarily fend off attacks.
If used while charging, you can quickly parry an attack and then unleash a fierce onslaught afterwards.



An offensive style that combines speed with the weight of the Great Sword to unleash a stream of powerful strikes in quick succession.




Level up your archery game with versatile new Silkbind abilities for the Bow!





Fires an arrow loaded with Ironsilk.

If the follow-up arrow lands in the same spot as the first, Ironsilk winds around both arrows, inflicting severing damage.

If the second arrow is off target, the lodged arrow disappears.



An attack that thrusts an explosive stake into your target.

The stake reacts to follow-up attacks, dealing extra damage to the target. The amount of extra damage dealt is determined by type of arrow loosed!




DOOT DOOT! The beatdown just don't stop with groovy new Hunting Horn moves!





A Silkbind attack that wraps the Hunting Horn in Ironsilk. For a short time, any attack causes the silk to vibrate, creating a time-delayed shockwave that triggers additional hits. These additional hits do major stun, exhaust, and part damage. DOOT!



A two-hit attack that can be delivered from either the left or right. This allows you to quickly shift directions, making it useful for repositioning in true Hunting Horn style.




Not spotted your favourite weapons yet? Fear not, we’ve got links to their bespoke videos for you right here:















It’s time to level up your Dango, Sunbreak style!

In addition to the regular skewers you’re familiar with, you’ll also have access to new “Hopping Skewers”.



Hopping Skewers are an optional, alternative method of eating before a hunt that enhances two Dango skills at the cost of the third one being weaker. Watch those activation chances too, it might be worth using a Dango Ticket to help secure some powerful buffs!



There’s lots to experiment with here, so make sure to get stuck in!




Elgado Outpost awaits you when Monster Hunter Rise: Sunbreak launches on June 30th! 

Prepare to take on the Three Lords and everything this mysteriously land has to offer by pre-purchasing here: 
https://store.steampowered.com/app/1880360/Monster_Hunter_Rise_Sunbreak/

Hunters who pre-purchase will also receive:  




Note: Layered armour is a ""skin"" which changes the appearance of the character without affecting their stats and abilities.




That wraps up this week’s community post! Thanks as always for taking the time to check it out!

We hope you liked what you saw regarding the new weapons actions you’ll be wielding from June 30th. What were your favourites? Did any of these new moves tempt you to try a new weapon for Sunbreak? Let us know in the comments! 

We’ll see you in the hunt!

- The Monster Hunter Community Team",steam_event
3ef25321-9b57-4750-bc8a-41cd21c05387,299bb953-253c-4b24-9182-727e49caf16a,MONSTER HUNTER RISE,Update 2022-05-13,null,2022-05-13,null,false,Kamura Hunter’s Hub #10 – Sunbreak Digital Event Recap!,"Hey Hunters,

Welcome to Kamura Hunter’s Hub #10!

We’ve got an info packed post this week as we dive into the new monsters, hunting actions and more that have just been revealed during the Monster Hunter Rise: Sunbreak – May Digital Event!

We’d also like to extend a huge WELCOME to all the new Hunters that have joined us as part of the recent discount, welcome to Kamura!! If you’re looking for some pointers to help you settle in and thrive in Kamura, we’ve got some helpful posts you can check out below:






Make sure to pay Senri the Mailman a visit too, he’ll have some useful items, armour and weaponry to help you on your early hunts!

Now, we’ve got a Digital Event to recap…




On May 10th we held our latest Digital Event for Monster Hunter Rise: Sunbreak, revealing even more fearsome threats that you’ll have to overcome in Elgado! But fear not, you won’t be facing them alone thanks to new hunting techniques and allies that will aid you in your journey…







Steel yourselves for a dance of a thousand blades with Seregios. This Flying Wyvern can detach and send razor-sharp scales flying in the direction of its prey... afflicting them with the Bleeding status ailment for a painful death of a thousand cuts. 

Those afflicted with the Bleeding status would be wise to watch their movement and seek a hasty recovery…


 



Bundle up and stay frosty when facing Aurora Somnacanth, a subspecies that has evolved to conjure up chilling breaths and bend ice to its will. 






Magma Almudron turns up the heat as it trades its signature mud manipulation tricks for searing hot molten lava. Keep your wits about you and watch your surroundings, what may seem safe footing at first can quickly change.




The Guild’s continued research on this mysterious Elder Dragon has gained new insight! It appears some of its power is derived from a malicious Bloodblight that it can inflict on its enemies. Hunters, we advise extreme caution when taking on Malzeno, lest it bleed you dry…






With new monsters and subspecies looming on the horizon and reports showing that returning monsters are displaying new and varied sets of attacks and tricks, you’ll need to be ready for every possible situation to even the odds!

In Sunbreak you’ll be able to unlock new Switch Skills and Silkbind Attacks for all 14 weapons at your disposal. To make sure you’re ready for every possible situation a new technique has been honed, Switch Skill Swap!



In Sunbreak, you’ll be able to assign individual Switch Skills to two groups: Red Swap Scroll and Blue Swap Scroll. This will allow you employ a wider variety of attacks and abilities during your hunts. This will be very handy when hunting multiple monsters in one quest, or if you want to try out a new Switch Skill without giving up an old favourite in the same slot.



For example, when playing Sword & Shield, you would normally have to choose between “Windmill” and “Metsu Shoryugeki”. Now you’ll able to assign “Windmill” to one of the Swap Scrolls and use for safely dispatching a pack of Boggi, then quickly swap to “Metsu Shoryugeki” to counter-attack one of Garangolm’s jump attacks.

Speaking of weapon combat, we’ll be showing off some examples and new tricks you can pull off with each of the 14 weapon types starting next week on May 16th. So make sure you’re following the  social channels and subscribed to the  to be among the first to see what’s coming up.




In your journey through Sunbreak, you’re not alone!

In addition to the standard selection of single and multiplayer quests you’re familiar with, we’re also introducing Follower Quests! This curated selection of special quests are single-player only and allow you to team up with some familiar faces from both Kamura and Elgado Outpost to take on fearsome monsters together!



We’ve already had Hinoa and Minoto join us briefly during Rampage Quests, and we’ve been seeing Dame Fiorayne show off her Sword & Shield skills throughout various teasers... but with Follower Quests, you’ll be able to team-up with them throughout an entire hunt! Other characters will be able to join you as well, but we’re keeping the final list under wraps for now.










Looks like we’re not done talking about guest characters, huh? Everyone’s favourite donut-loving Felyne and self-proclaimed hero, Navirou, is sneaking his way into Monster Hunter Rise: Sunbreak, in the form of a special layered armour costume decked out with fun custom animations and expressions! 

To unlock this, you’ll just need to own  on Steam!



We’re also pleased to confirm that Sunbreak will receive several free title updates post-launch. We’ll have more news to share on the free updates, as well as even more exciting Sunbreak news around June – so watch this space!




Elgado Outpost awaits you when Monster Hunter Rise: Sunbreak launches on June 30th! 

Prepare to take on the Three Lords and everything this mysteriously land has to offer by pre-purchasing here: 
https://store.steampowered.com/app/1880360/Monster_Hunter_Rise_Sunbreak/

Hunters who pre-purchase will also receive:  




Note: Layered armour is a ""skin"" which changes the appearance of the character without affecting their stats and abilities.




That wraps up this week’s community post! Thanks for taking the time to check it out.

We hope you enjoyed all the new details and reveals from the May Digital Event! What was your favourite reveal? Which new monster are you most excited to face? Let us know in the comments!! 

If you’d like to watch all 16 minutes of the May Digital Event you can do so . 

Also, one more thing - Starting the week of May 16th we’ll be sharing brand new Silkbind Weapon Skill videos on our Twitter account, so don’t miss out and drop us a follow on the official  account.

We’ll see you in the hunt!

- The Monster Hunter Community Team",steam_event
00f1e720-916c-4608-b638-a7ad78d56d5c,299bb953-253c-4b24-9182-727e49caf16a,MONSTER HUNTER RISE,Update 2022-04-28,null,2022-04-28,null,false,More news on Sunbreak coming on May 10! There's a sale too!,"We will be showing off new footage, and sharing information on monsters, new hunter actions, and additional features.









The elder dragon Malzeno, the powerful and boulder-like Garangolm, and the icy wolf-like Lunagaron.
These three monsters comprise the Three Lords, an infamous trio of monsters that threaten the lands of the Kingdom.



An elder dragon covered with elegant silver scales. It drains the life energy of other living creatures, creeping around at night and attacking its prey from behind. Though Malzeno appears regal at a glance, it takes on a more sinister appearance after draining enough energy.



An azure-colored Fanged Wyvern with an organ that chills the air it inhales, which then circulates throughout its body in a unique form of thermoregulation. 
When enraged, Lunagaron reveals its true form,standing on hind legs and thrashing its claws with deadly precision.
It is rumored that there is nothing that its claws cannot shred to pieces.



A monster characterized by its massive and rigid body.
This behemoth may seem docile at first, but it won't hesitate to attack with its huge body.
Once enraged, its left arm is covered in moss, and its right arm in magma allowing it to attack with both fire and water elements, to make it nearly unstoppable.






The Hunt Begins in a Far-off Land...
Elgado is an outpost of the Kingdom, and home to the research team tasked with looking into the mystery surrounding Malzeno and other Kingdom monsters.






Large Flying Wyverns with crest-shaped organs that can be vibrated to build and store vast amounts of electricity. 











https://store.steampowered.com/app/1880360/
Important
In order to enjoy the new content in Monster Hunter Rise: Sunbreak, you'll need:
- A copy of Monster Hunter Rise.
- To complete the HR 7★ hub quest ""Serpent Goddess of Thunder"" in the base game Monster Hunter Rise.
- The expected size of the update is 13GB. Make sure you have enough free space before attempting to download.






https://store.steampowered.com/app/1446780/



If you just started playing or are considering playing Monster Hunter Rise, we have some powerful support equipment for you to help you out during the early game.



https://store.steampowered.com/app/1277400/



https://store.steampowered.com/app/1118010/",steam_event
217fe99f-49fb-4087-b4fe-8c6532bf7049,299bb953-253c-4b24-9182-727e49caf16a,MONSTER HUNTER RISE,Update 2022-04-26,null,2022-04-26,null,false,Kamura Hunter’s Hub #9 – Garangolm Hunt Preview & Citadel Tour!,"Hey Hunters,

Welcome to Kamura Hunter’s Hub #9!

In this week’s post we’ve got two short videos that showcase some new Sunbreak gameplay! If you’ve been itching to see what it’s like to fight the hulking fanged beast Garangolm, or to discover more about the mysterious Citadel locale then you’re in for a treat!

We’re also excited to share with you all that the next Monster Hunter Rise: Sunbreak news reveal is on the horizon! More news on that after the videos…




Before we dive into the videos, we’d just like to highlight that the content below was captured on Nintendo Switch. Whilst the footage isn’t fully representative of playing on PC, we thought you’d appreciate the opportunity to see some Sunbreak preview gameplay in action ahead of launch here on Steam this June 30th! 

For those wanting to avoid spoilers too, consider this your .



Stand back and watch closely as we’ve got two and a half minutes of Garangolm goodness, showcasing its brute physical strength and dual element attacks!






Join us for a quick tour of the Citadel, a key new locale you’ll explore and hunt in that features diverse biomes and an air of mystery…



Are you feeling brave enough to take on Garangolm? To discover what lurks in the shadows of the Citadel? Let us know in the comments!






The chances are you’ve seen this mischievous small monster by now if you’ve been keeping up to date with the latest Sunbreak news. However, we’re pleased to share that this pack hunting, small bird wyvern’s official name is Boggi!



A sly and crafty creature, Boggi wait until their prey are sufficiently weak before striking as a pack, so watch your back!




That’s right, the next news reveal for Monster Hunter Rise: Sunbreak is planned for May 2022! 

We’ll be sharing specific dates and times in the near future, so watch this space and follow the official  on Twitter so you don’t miss out!




Elgado Outpost awaits you when Monster Hunter Rise: Sunbreak launches on June 30th! 

Prepare to take on the Three Lords and everything this mysteriously land has to offer by pre-purchasing here: 

https://store.steampowered.com/app/1880360/Monster_Hunter_Rise_Sunbreak/

Hunters who pre-purchase will also receive:  




Note: Layered armor is a ""skin"" which changes the appearance of the character without affecting their stats and abilities.




That wraps up this week’s community post! Thanks for taking the time to check it out.

We hope you enjoyed checking out the new gameplay footage of Garangolm and the Citadel! 

With news of more Sunbreak info on the horizon this May, it’s an exciting time to be a Hunter! To keep up to speed with the latest Monster Hunter news as soon as it drops and more, come and follow the official  account.

We’ll see you in the hunt!

- The Monster Hunter Community Team",steam_event
5848ec96-e5b1-44b7-8573-1c8cc62be5cb,299bb953-253c-4b24-9182-727e49caf16a,MONSTER HUNTER RISE,Update 2022-04-01,null,2022-04-01,null,false,Kamura Hunter’s Hub #8 – Sunbreak Digital Event: New Content Recap!,"Hey Hunters,

Welcome to Kamura Hunter’s Hub #8!

In this week’s post we’re going to be diving into some of the reveals and juicy new info that was revealed during the Monster Hunter Rise: Sunbreak Digital Event on March 15th! 

To kick things off we revealed that Monster Hunter Rise: Sunbreak will be releasing on June 30th this year! You can pre-purchase it right now:

https://store.steampowered.com/app/1880360/Monster_Hunter_Rise_Sunbreak/

If you didn’t manage to watch the event live, fear not! At the end of this post, we’ll post a link to where you can watch it in full.

Until then though, let’s kick things off with our smashing new “The Three Lords” trailer…










Garangolm is a hulking Fanged Beast that’s characterized by its massive, rigid body. Their sap-like fluids can promote plant growth, forging a symbiotic relationship with the flora that grows in their bodies.

Beware though, this sap is also used to harden plants and the surrounding soil, outfitting Garangolm’s body with dual fire and water elemental attacks!




When Lunagaron was first revealed, little was known about the true nature of this fearsome Fanged Wyvern. The March Digital Event revealed that only when enraged do we see this monster’s true form…



Upon entering an enraged state Lunagaron will make use of an organ that chills the air it inhales, rapidly creating ice armour to protect it from a Hunter’s blows. It’ll also change its fighting style, instead opting to rear-up on its hind legs and fight in a bipedal style, swinging its razor-sharp claws and blowing out ice cold breath.




There’s still much to learn of this mysterious flagship monster, but it does appear that this monster gains a sinister power by draining the life energy of other living creatures.



Once enough life energy has been harvested it’ll take on a more sinister appearance…








Blood Orange Bishaten dances into Sunbreak, bringing with it a collection of explosive pinecones that turn up the heat on nearby Hunters. If you manage to avoid the blasting barrage, be ready to face an igniting breath attack!






Don’t be shocked by the electrifying return of this Flying Wyvern! Violent to a fault, Hunters beware – if Astalos has charged itself into a glowing frenzy, it’s ready to unleash mercilessly powerful attacks.






We’ve loved the response from the community on Silkbind actions in Monster Hunter Rise, especially on hearing and seeing how you’re implementing them in the hunt. As such, we’re pleased to confirm that all 14 weapons are getting new Silkbind attacks in Sunbreak, among other things…











Not to be outdone by their Hunters, Palicos and Palamutes are both receiving some powerful new tools in Sunbreak!





Not much has been revealed on their impact in hunts yet, what purpose do you think they’ll serve?






As you explore the lands surrounding Elgado, you’ll come across new endemic life including the Marionette Spider (Yes, it’s related to Kamura’s Puppet Spider!).

The Marionette Spider latches onto monsters, allowing the Hunters to pull it a specific direction. If there happens to be say, an obstacle or wall in the way well…






We also detailed more about the new Citadel area that you’ll be exploring in Sunbreak. The Citadel is unlike anywhere you’ve hunted in so far in Monster Hunter Rise. Made up of multiple biomes, from woodland, to swamps, snow covered hills and even a ruined castle – there’s lots to discover as you find out what lurks in each area…











That wraps up this week’s community post! Thanks, as always, for taking the time to check it out.
We hope you enjoyed our look at some of the key features and content revealed during the March Digital Event!

If you’d like to watch it in full, just click  and enjoy the show.

We’ll be back soon with our next post. In the meantime, we’ll leave you with some news shared by Monster Hunter Series Producer, Ryozo Tsujimoto, from the end of the Digital Event:



P.S. You can keep up to speed with all things Monster Hunter by following us on our !

We’ll see you in the hunt!

- The Monster Hunter Community Team",steam_event
3b62cf83-cecc-4b53-8225-3f9dcc790fa0,299bb953-253c-4b24-9182-727e49caf16a,MONSTER HUNTER RISE,Update 2022-03-18,null,2022-03-18,null,false,Free Item Pack!,"PC Guild Provisions 3


Dust of Life x20
Demon Powder x20
Hardshell Powder x20
Mega Barrel Bomb x20
Golden Egg x5

*This item pack can be claimed only once by going to the Courier in the game and selecting ""add-on content.""



https://store.steampowered.com/app/1880360/




- Loyal Dog Costume (Palamute Layered Armor)
- Striped Cat Costume (Palico Layered Armor)


This is a massive expansion to Monster Hunter Rise, containing a variety of new features.
The action is even more fluid, there are new unique monsters and locales, and there are extra challenging master rank quests!
Having protected Kamura from the calamity, the hunter sets out to save the Kingdom from the elder dragon Malzeno!



This game does not support cross-play or cross-saves with other platforms.

We look forward to your continued support of Capcom and the Monster Hunter series.

For any questions, please visit our support website:
https://www.capcom.co.jp/support/contact/",steam_event
de1703e2-5785-47dd-860e-96be345844ae,299bb953-253c-4b24-9182-727e49caf16a,MONSTER HUNTER RISE,v3.9.0,null,2022-03-11,null,false,Kamura Hunter’s Hub #7 – Sunbreak Digital Event & Steam Points Shop!,"Hey Hunters,

Welcome to Kamura Hunter’s Hub #7! 

We hope you’ve all been enjoying the new content that’s been added to Monster Hunter Rise since the arrival of Version 3.9.0.0 in February! 

From the Universal Studios Japan collaboration and its unique gear to new Event Quests that offer exciting new challenges, layered armour, pose sets and more – there’s something for everyone! So, if you haven’t yet, make sure to go and speak to your friendly Felyne, Senri the Mailman, to dive into the new content.

As for today’s post it’ll be slightly shorter than usual as we focus on a very exciting event occurring next week…




That’s right, this coming Tuesday March 15th brings with it the next Monster Hunter Rise: Sunbreak Digital Event!



You’re invited to join us for 20 minutes of programming that will include exciting reveals of new monsters, gameplay info and much more coming to Monster Hunter Rise: Sunbreak this Summer!

  
 Tuesday, March 15th
 2pm GMT / 3pm CET / 7am PDT / 10am EDT

We look forward to seeing you there!




Some keen-eyed Hunters have already spotted this, but Monster Hunter Rise is part of the Steam Points Shop!

What is the Steam Points Shop? In short, it’s a place on Steam where you can spend points earned from purchases on the platform to unlock unique customisation items for your Steam profile. You can get full details on it .

Take a look at what’s available from Monster Hunter Rise below:



If any of these take your fancy you can head directly to our Points Store  and showcase your monster hunting prowess!









That wraps up this week’s community post! Thanks for taking the time to check it out!
We hope you’re as excited as we are for the Digital Event on March 15th, if you’re watching live be sure to say hi in chat – we’ll be there!

As always, we’ll be back soon with our next post. In the meantime we’ll be reading through your comments and feedback here on the Steam forums. You can also keep up to speed with all things Monster Hunter by following us on our . 

Have a great weekend everyone, we’ll see you in the hunt!

- The Monster Hunter Community Team",steam_event
ba88d7ce-e34c-4fa3-964f-8db951fb8f8b,299bb953-253c-4b24-9182-727e49caf16a,MONSTER HUNTER RISE,v3.0,null,2022-03-09,null,false,Monster Hunter Rise Original Soundtrack & Extra Tracks Now Available!,"includes 4 discs (109 tracks) worth of monstrously epic themes and Japanese folk-inspired songs.

https://store.steampowered.com/app/1868940

 is an album made up of 8 additional tracks featured in the Version 3.0 update of , including the Crimson Glow Valstrax battle themes and an additional ending song.

https://store.steampowered.com/app/1868950

Each soundtrack comes with MP3 (V0 bitrate), FLAC (16-bit), and AAC (Variable bitrate) music files. Ownership of the base  game is not required to purchase these soundtracks.

Head over to our curated list of  on Steam to see a full list of both classics and new releases on offer.",steam_event
a595eae5-ed00-4134-9ffd-653580cfa482,299bb953-253c-4b24-9182-727e49caf16a,MONSTER HUNTER RISE,v3.9.1,null,2022-03-09,null,false,Notification of Patch Ver.3.9.1.0,"Patch  will be available from .


- Fixed a bug where there was no defense bonus for the Switch Axe Defender weapon.
- Fixed various text bugs.
- Other miscellaneous bug fixes have been made.


This patch will change your version of Monster Hunter Rise from Ver.3.9.0.0 to Ver.3.9.1.0.
Monster Hunter Rise does not allow for matchmaking between different versions of the game.
This means that players who applied the patch will no longer be able to matchmake with players who haven't applied the patch, so please keep this in mind.
You can check the version info at the bottom right of the Title Screen.

We apologize for any inconvenience this may cause.",steam_event
0b3417e0-b2ac-4867-9f9e-46fda752e7cb,299bb953-253c-4b24-9182-727e49caf16a,MONSTER HUNTER RISE,v3.9,null,2022-02-18,null,false,Kamura Hunter’s Hub #6 – Update 3.9 Event Quests Preview!,"Hey Hunters,

Welcome to the sixth instalment of Kamura Hunter’s Hub!

This week we’re going to be taking an early look at a small selection of some of the new Event Quest content that’ll be arriving next week in !

From the eagerly anticipated Universal Studios Japan (USJ) collab, to new layered armour, stickers, pose sets and fresh challenges to test your skills as a Hunter, there’s something for everyone!

Are your weapons sharpened and ammo loaded? Good! Let’s jump in…






Complete these quests to earn materials that will allow you to forge special armor and weapons for your Hunter, Palicoes and Palamutes!



Yes, that includes layered versions of the armour!




Take on a triple threat of monsters in this High Rank quest to craft the Azure Star Blade I (Longsword), Azure Era Wyrmbow (Bow) and Azure Age armour (and layered armour) set for your Hunter.



Rise above the combined might of these monsters and claim your prize!




Protect Kamura Village from an onslaught of Arzuros in this High Rank Rampage quest to kit out your Palico and Palamute with some special weapons and armour (including layered).



Equally fashionable and fierce hunting buddies!

As highlighted above, both of the above quests fall into the High Rank Event Quests category, giving you fun and skilful confrontations that are full of useful items and monster parts.




For some Hunters, fashion game is the endgame! If this sounds like you, then you’ll want to look out for these striking Event Quests!



As the name suggests, this quest is a Rampage! If you can successfully hold the line and defend the final gate you’ll be awarded with the materials required to forge a rather special layered armour, the “Origin” set.



This look is directly inspired by a set from the original Monster Hunter, a true classic!




Complete this quest to give yourself a cool new Winter look with the “Orion” layered armour. 



What stands between you and this set? Well, you’ll have to best the ice-cold combo of Barioth, Goss Harag and Lagombi – watch out for that Iceblight!






Take a seat, master Hunter, with the “Sitting Pose Set” that you’ll earn after taking down an Arzuros and a Tetranadon in this hunt!



This pose set contains a number of different ways to sit, letting you pose comfortably with your favourite villagers in Kamura, or even get comfy when you’re out on the hunt – a great set to unlock for Hunters who enjoy a bit of Cohoot photography!




You’ve been cordially invited to the Princesses’ Banquet! Survive the main course and you’ll unlock the sweet “Chocolate Set” of stickers to use in multiplayer!



What stands between you and this tasty treat? A truly fearsome trio consisting of Rathian, Rakna-Kadaki and Somnacanth! Fear not though, you’ve got this covered!  




Those of you that have already tried the existing Apex Emergency and Advanced quests will know that these are not for the faint of heart. They’ll push your hunting skills to new limits as everything you’ve learned so far is put to the test. Monsters in these quests hit much harder, have more health, increased resistances and are unrelenting in their aggression. 

We’ve picked two particularly fearsome hunts from the batch that will drop as part of version 3.9 to help prepare you for the battles ahead! 





Take on a powered-up Crimson Glow Valstrax in the Infernal Springs! How will you handle this monster’s signature “Ambush” attack in a limited space? There’s only one way to find out…




Be on your guard with this quest, or it’ll end in a bloodbath! 



The Apex Emergency Diablos is far stronger and larger than its other kin you’ve encountered so far in . Be ready for a dance with destruction if you step into this quest. You’ll need to be on your toes throughout! It’ll probably be a good idea to bring strong ice weapons too...

Besting these quests will provide you with monster parts, armour spheres, Silver / Golden eggs and even generous amounts of Defender Ticket 9! Oh and an immense feeling of satisfaction having successfully demonstrated the depth of your hunting prowess!

These quests are hard though, so don’t feel bad if you faint! Every cart is a lesson learned!









That wraps up this week’s community post! Thanks for taking the time to check it out.
We hope you enjoyed this little preview of just some of the new Event Quests you’ll be able to jump into in the near future.

What quests will you be taking on first? Will you be chasing the USJ collab and new cosmetics, or are you going headfirst into some really challenging hunts? Let us know in the comments!

As always, we’ll be back again soon with our next post, and in the meantime, we’ll be reading through your comments here on the Steam forums. You can also keep up to speed with all things Monster Hunter by following us on our .

Have a great weekend everyone, we’ll see you in the hunt!

- The Monster Hunter Community Team",steam_event